5,5,1,66.05,3,0,1,1,130,32,152,23013
3,3,1,52.36,3,0,2,1,63,21,185,35333
3,3,2,36.11,2,0,1,1,19,3,123,34063
3,3,2,40.47,3,0,3,1,50,13,110,27181
4,4,2,40.12,2,0,2,1,34,35,96,23929
2,2,2,48.31,2,0,1,3,26,17,136,28152
1,1,1,119.38,3,1,1,2,131,46,425,35601
3,3,2,43.64,1,0,1,1,44,16,124,28415
3,3,2,40.37,3,0,1,1,21,11,210,52019
2,2,2,35.39,2,0,1,1,28,34,113,31930
2,2,1,44.24,2,0,3,1,9,9,136,30742
2,2,2,46.51,2,0,2,1,37,20,135,29027
9,9,3,125.79,1,1,3,1,40,4,106,8427
2,2,2,30.48,1,0,3,1,18,10,101,33137
2,2,2,40.92,2,0,2,1,29,18,128,31281
12,12,4,60,3,1,2,1,4,13,128,21334
3,3,5,85.12,3,0,3,1,18,7,308,36185
2,2,2,43.26,2,0,3,1,8,7,103,23810
7,7,5,95.99,1,1,2,1,38,30,162,16877
11,11,5,92.58,3,1,3,1,18,8,130,14042
8,8,3,91.35,2,1,1,1,117,35,178,19486
9,9,5,87,3,1,1,1,23,18,155,17817
2,2,2,30.37,2,0,1,1,11,15,115,37867
5,5,1,87.77,2,1,3,1,74,15,222,25294
3,3,2,55.54,3,1,2,1,22,2,138,24847
2,2,4,29.29,3,1,2,2,11,28,71,24241
3,3,2,22.73,3,0,3,1,7,8,96,42235
10,10,6,125.65,2,0,3,1,10,15,169,13451
4,4,2,46.69,2,1,2,2,134,98,99,21204
2,2,1,80.75,2,0,2,1,20,5,216,26750
2,2,2,20.44,2,0,1,1,38,8,80,39139
4,4,1,88.02,3,1,2,1,12,16,289,32834
10,10,1,83.13,3,1,1,1,21,16,143,17202
13,13,3,146,1,0,2,1,8,11,85,5822
11,11,1,56,2,0,3,1,17,19,40,7143
11,11,1,59.38,2,0,3,1,9,1,75,12631
3,3,2,36.8,2,0,2,1,9,6,124,33696
2,2,2,36.58,2,0,1,1,5,18,136,37179
2,2,2,36.66,2,0,3,1,2,4,185,50464
10,10,1,86.36,3,1,3,1,9,17,179,20728
9,9,5,89.68,3,1,3,1,71,80,140,15612
1,1,2,79.86,3,1,1,1,9,7,550,68871
10,10,3,135.59,1,1,3,1,110,0,290,21389
4,4,5,105.69,3,1,2,1,31,25,238,22519
2,2,2,29,3,1,3,2,6,3,67,23104
3,3,1,56.58,2,0,3,1,33,10,190,33581
4,4,1,87.89,3,1,2,1,44,12,197,22415
12,12,1,85.42,1,1,3,1,11,30,139,16273
8,8,2,42.44,3,0,3,1,23,3,77,18144
3,3,2,33.96,2,0,3,1,43,33,166,48882
3,3,1,44.62,3,0,3,1,25,1,126,28239
2,2,5,88.42,2,0,3,1,37,10,250,28275
2,2,2,39.89,2,0,1,1,8,13,158,39609
4,4,1,55.13,2,0,2,1,39,8,109,19772
6,6,3,153.74,3,1,3,1,35,8,520,33824
4,4,2,55.18,2,0,1,1,52,25,102,18485
5,5,2,45.64,2,0,1,1,27,15,138,30237
11,11,1,72.08,2,0,1,1,16,5,152,21088
2,2,1,76.95,2,0,1,1,16,26,266,34568
2,2,2,76.53,3,1,2,1,6,2,207,27049
3,3,1,51.4,2,0,3,1,15,1,140,27238
2,2,1,84.76,3,0,2,1,45,31,325,38344
3,3,2,33.51,3,0,1,1,27,13,155,46255
5,5,1,86.11,2,0,2,1,11,16,266,30891
2,2,2,37.2,3,0,3,1,22,1,116,31183
2,2,1,55,3,0,3,1,83,3,98,17819
4,4,1,54.74,2,0,1,1,21,21,129,23566
2,2,2,39.5,2,0,2,1,23,5,120,30380
12,12,1,87.16,3,1,3,1,12,47,180,20652
10,10,1,77.07,3,0,3,1,6,5,153,19853
8,8,1,86.72,3,1,3,1,27,17,95,10955
7,7,6,89.73,3,1,2,3,67,32,193,21509
4,4,2,34.32,2,0,2,1,60,26,85,24767
3,3,2,36.93,2,0,2,1,5,5,135,36556
3,3,5,106.63,3,1,1,1,23,6,460,43140
3,3,2,37.02,2,0,2,1,20,34,137,37008
12,12,5,88.72,1,0,1,1,14,17,169,19049
2,2,1,76.95,3,0,3,1,13,10,244,31709
1,1,1,68.07,3,1,1,2,39,40,320,47011
3,3,1,76.18,2,0,1,1,84,39,287,37674
3,3,1,50.8,2,0,2,1,26,20,235,46260
6,6,4,53.21,3,1,1,2,23,23,115,21613
2,2,1,57.58,2,0,3,1,31,28,158,27441
2,2,1,96.15,2,0,3,1,8,8,390,40562
11,11,5,104,3,1,2,1,7,9,180,17308
3,3,1,56.49,2,0,2,3,11,22,165,29209
10,10,2,43.85,2,1,1,2,159,11,80,18245
3,3,1,56.37,1,0,2,1,26,10,212,37609
4,4,1,56.69,3,1,2,1,20,13,134,23638
11,11,1,62.38,2,0,2,1,17,28,25.5,4088
2,2,1,58.66,3,0,3,1,9,17,158,26935
3,3,1,96.74,2,0,1,1,31,13,315,32562
11,11,1,58.14,3,0,3,1,16,9,26,4472
2,2,5,75.05,3,0,2,1,106,11,187,24917
2,2,1,97.45,2,1,1,1,48,27,290,29759
11,11,2,58.87,2,1,1,1,18,4,85,14439
9,9,5,98.12,3,1,3,1,16,14,175,17836
11,11,1,64.45,2,0,3,1,12,9,24,3724
3,3,1,61.22,2,0,3,1,29,13,152,24829
6,6,2,35.29,2,0,1,1,2,12,128,36271
7,7,1,89.01,3,1,1,1,53,15,218,24492
4,4,1,77.45,2,0,3,1,351,33,158,20401
2,2,1,67.48,2,0,3,1,44,48,205,30380
3,3,2,34.72,2,0,2,1,28,49,180,51844
2,2,2,44.63,3,1,3,1,19,19,154,34506
10,10,1,89.35,1,1,1,1,19,25,175,19586
10,10,6,101.54,1,1,3,3,25,13,200,19697
1,1,1,55.75,3,1,3,2,80,36,402,72108
2,2,2,53.4,3,1,1,1,13,2,175,32772
3,3,1,67.78,2,1,1,1,148,24,179,26409
9,9,1,88.02,3,0,3,1,21,7,205,23291
10,10,6,95.67,2,1,2,3,24,4,185,19338
5,5,2,44.22,2,0,2,1,55,35,93,21032
8,8,1,58.16,2,0,3,1,58,25,116,19945
7,7,2,65.88,3,1,2,1,23,20,141,21403
11,11,2,67.48,3,1,1,1,17,5,100,14820
8,8,6,92.38,3,1,3,1,63,7,200,21650
2,2,1,83.14,3,1,1,1,52,31,418,50277
4,4,6,109.6,2,0,2,1,60,10,235,21442
11,11,1,65.53,2,0,2,1,16,41,25.7,3922
10,10,1,72.49,2,0,1,1,16,11,158,21797
7,7,1,96.53,3,0,3,1,41,4,155,16058
11,11,1,106.62,3,1,3,1,25,10,160,15007
6,6,1,98.77,2,1,2,1,44,45,365,36955
11,11,8,184.62,3,1,2,1,20,7,560,30333
9,9,2,47,3,0,1,1,1,6,118,25107
2,2,2,47.59,2,0,2,1,15,27,147,30889
4,4,1,75.76,2,0,3,1,24,18,210,27720
3,3,1,60.26,3,0,1,1,56,14,260,43147
3,3,2,38.95,2,1,2,1,73,27,188,48268
1,1,2,50.99,2,1,2,2,6,24,210,41185
4,4,5,80.76,2,0,2,1,66,42,230,28480
3,3,2,45.36,3,0,2,1,49,33,209,46076
1,1,1,48.75,3,0,3,1,31,6,315,64616
2,2,1,57.07,1,0,2,1,8,3,159,27861
1,1,1,50.62,3,0,2,1,3,10,365,72106
2,2,1,57.66,3,0,3,1,49,10,125,21679
2,2,2,35.61,3,0,3,1,19,10,120,33699
5,5,2,42.07,2,0,2,1,73,14,95,22582
4,4,7,63.43,3,1,2,2,30,20,185,29167
3,3,1,50.68,1,0,3,1,55,3,117,23087
5,5,2,38.47,3,0,3,1,12,8,93,24175
5,5,2,39.9,2,0,3,1,22,6,82,20552
6,6,1,75.39,2,0,2,1,18,2,190,25203
3,3,2,55.42,3,1,3,1,54,35,132,23819
2,2,2,49.31,2,0,1,1,12,8,143,29001
3,3,2,42.64,2,0,3,1,8,12,215,50423
9,9,5,90.22,3,0,2,1,21,28,313,34693
12,12,3,128.06,1,1,3,2,34,48,125,9762
3,3,2,44.78,3,0,2,1,10,5,173,38634
11,11,5,101.28,3,1,1,1,18,8,235,23204
3,3,1,77.2,2,0,2,1,34,17,316,40933
3,3,1,63,1,0,2,1,58,34,178,28254
6,6,1,70.54,3,0,2,1,33,9,160,22683
2,2,1,55.49,3,0,3,1,38,7,144,25951
3,3,5,122.2,2,1,3,1,37,12,377,30852
2,2,1,56.28,2,0,3,1,87,14,135,23988
3,3,1,54.81,2,0,2,1,6,15,160,29192
8,8,6,99.51,3,1,2,1,119,32,155,15577
4,4,1,70.76,2,0,3,1,11,5,146,20634
4,4,2,39.08,3,0,2,1,9,4,91,23286
2,2,5,106.04,2,0,2,1,76,27,380,35836
3,3,2,33.06,2,0,3,1,16,37,138,41743
2,2,2,55.27,2,0,1,1,45,6,163,29492
6,6,1,90.58,2,0,1,1,9,36,270,29808
11,11,1,84.39,2,0,3,1,14,6,105,12443
2,2,1,60.1,3,1,2,1,29,36,208,34609
6,6,2,51.07,2,0,3,1,32,11,110,21540
3,3,1,59.52,1,0,2,1,26,24,156,26210
4,4,1,81.11,2,0,2,1,6,16,240,29590
10,10,6,98.44,2,1,1,3,12,5,220,22349
11,11,3,150.35,3,1,1,1,7,6,410,27270
10,10,1,75.85,2,0,2,1,20,8,169,22281
8,8,1,79.63,3,1,2,1,23,17,140,17582
12,12,5,88.66,2,0,2,1,12,8,179,20190
11,11,3,146.44,3,1,2,3,11,5,265,18097
11,11,1,65.12,2,0,2,1,2,23,38,5836
8,8,1,81.53,3,1,2,1,22,20,150,18399
11,11,1,46.69,2,0,1,1,10,29,25.5,5462
2,2,2,35.99,2,0,2,1,5,17,190,52793
12,12,5,85.38,1,1,1,1,14,28,148,17335
4,4,5,86.78,3,0,2,1,51,10,219,25237
10,10,1,86.28,2,1,2,1,92,9,162,18777
10,10,1,73.87,2,1,1,2,42,6,98,13267
6,6,2,42.59,2,0,3,1,27,3,102,23950
11,11,1,60.89,3,0,1,1,8,13,58,9526
4,4,2,34.47,2,0,1,1,13,26,80,23209
3,3,1,101.29,2,0,1,1,56,10,280,27644
7,7,7,85.65,3,0,1,1,114,34,178,20783
4,4,2,37.02,2,0,3,1,47,40,83,22421
6,6,2,51.19,2,0,1,1,30,37,135,26373
3,3,1,90.04,2,1,1,1,67,43,265,29432
5,5,2,40.5,3,1,2,1,28,14,129,31852
3,3,2,39.85,2,0,2,1,11,16,140,35132
4,4,1,77.22,2,0,2,1,8,10,223,28879
2,2,1,80.4,3,1,2,1,2,3,273,33956
14,14,1,64.97,2,0,3,3,4,1,75,11544
3,3,2,38.01,3,0,1,1,16,7,135,35517
3,3,2,39.08,2,0,2,1,9,4,125,31986
2,2,2,46.43,2,0,3,1,6,3,115,24769
3,3,1,66.01,3,0,2,1,21,11,250,37874
3,3,2,40.05,3,0,1,1,22,14,159,39701
11,11,1,55.71,2,0,2,1,1,16,45.6,8186
7,7,1,62.25,3,1,3,1,14,11,180,28916
2,2,1,58.33,3,0,1,1,120,17,178,30517
8,8,6,88.96,3,1,1,1,15,17,200,22483
7,7,3,92.15,1,1,1,1,80,59,170,18449
2,2,1,68.87,3,0,2,1,166,33,220,31945
10,10,1,81.37,2,0,2,1,4,4,134,16468
4,4,1,79.31,2,0,2,1,11,15,248,31270
4,4,1,82.09,3,0,1,1,94,23,220,26800
2,2,1,57.97,2,0,2,1,204,19,165,28463
1,1,1,64.15,2,0,2,1,19,6,376,58613
8,8,1,91.34,3,1,2,1,35,42,119,13029
3,3,1,79.71,2,1,3,1,16,17,268,33622
3,3,1,60.64,2,0,2,1,8,16,192,31663
4,4,1,102.43,2,0,3,1,23,17,223,21771
2,2,2,29.65,2,0,1,1,19,16,113,38112
9,9,1,72.06,3,0,2,1,33,26,248,34416
9,9,1,79.6,3,1,3,3,12,8,240,30151
3,3,2,67.61,3,1,2,1,47,27,252,37273
5,5,1,86.22,2,0,2,1,14,3,198,22965
8,8,1,90.82,1,1,2,1,93,28,185,20370
3,3,2,43.25,3,0,2,1,18,9,140,32370
7,7,1,81.76,3,1,2,2,44,11,119,14555
1,1,2,38.98,2,1,1,1,38,14,185,47461
12,12,1,86.62,2,1,2,1,7,12,197,22744
2,2,2,44.26,3,0,2,1,12,11,138,31180
10,10,2,55.54,2,1,1,2,9,9,93,16745
6,6,2,63.56,3,1,3,1,3,9,244,38389
14,14,3,122.58,2,0,3,3,1,9,159,12972
12,12,6,107.83,3,1,1,1,26,14,146,13540
12,12,5,88.02,3,1,2,2,7,6,203,23063
10,10,1,72.28,3,1,3,1,18,3,125,17294
2,2,1,56.38,2,0,2,1,16,5,185,32814
2,2,6,91.09,3,0,1,1,31,37,328,36009
2,2,1,98.16,2,0,3,1,11,0,270,27507
5,5,2,48.6,2,0,2,1,36,0,142,29219
3,3,1,39.82,2,0,1,1,14,12,149,37419
2,2,2,41.51,2,0,3,1,18,11,163,39268
2,2,1,64.43,3,0,3,1,3,2,262,40665
11,11,3,128.62,3,1,1,1,11,4,255,19826
3,3,2,35.24,2,0,3,1,64,3,106,30080
2,2,2,52.13,3,0,2,1,16,11,200,38366
4,4,1,53.68,2,0,2,2,28,7,127,23659
7,7,2,56.01,2,1,3,2,30,14,103.5,18479
2,2,1,88.84,3,1,3,1,32,8,485,54593
1,1,2,60.02,3,1,2,2,7,28,216,35989
7,7,1,61.53,3,1,3,1,18,8,170,27629
3,3,2,41.77,2,0,3,1,6,5,127,30405
2,2,1,60.96,2,0,3,1,36,0,163,26739
3,3,3,150.31,3,0,2,1,56,14,560,37257
7,7,1,76.34,2,1,3,1,35,30,156,20435
5,5,2,45.24,2,0,1,1,10,16,100,22105
4,4,1,91.61,3,0,2,1,13,3,298,32530
10,10,1,79.31,3,1,3,3,12,6,160,20175
7,7,1,88.63,3,1,2,1,54,26,209,23582
7,7,6,93.19,3,1,2,1,43,29,182,19530
9,9,5,84.1,2,0,1,1,46,8,122,14507
3,3,1,84.88,3,0,3,1,44,8,315,37112
11,11,1,73.18,3,0,3,1,9,6,72,9839
2,2,1,56.15,2,0,2,1,38,16,162,28852
3,3,2,44.35,3,0,3,1,10,33,129,29087
2,2,1,56.12,3,0,1,1,26,20,179,31896
4,4,1,98.83,2,1,1,1,27,16,295,29850
6,6,1,79.63,3,1,3,1,13,9,283,35540
2,2,4,34.93,2,1,3,1,10,14,150,42944
2,2,2,56.37,2,0,3,1,31,10,135,23949
11,11,2,40.41,2,0,2,1,9,8,125,30933
2,2,1,58.33,2,0,3,1,5,8,163,27945
7,7,3,89.73,3,1,2,3,92,40,196,21844
11,11,1,63.55,2,1,3,1,3,10,28,4406
2,2,2,37.99,3,0,3,1,6,3,135,35536
6,6,1,55.84,3,1,1,1,70,24,136,24356
3,3,3,125,2,0,1,1,30,16,450,36000
8,8,1,79.82,3,1,2,1,19,37,105,13155
2,2,1,62.65,3,0,2,1,16,8,175,27933
2,2,8,135.42,3,0,3,1,28,11,430,31754
3,3,3,118.02,3,1,3,1,12,7,698,59143
3,3,6,129.77,3,0,2,1,31,14,445,34292
7,7,3,114.53,3,1,1,1,54,22,280,24448
3,3,1,61.24,2,0,2,1,108,26,178,29066
3,3,1,58.08,2,0,2,1,20,12,266,45799
7,7,2,69.32,3,1,3,1,10,5,153,22072
12,12,3,98.66,3,1,2,3,24,19,127,12873
2,2,1,63,2,0,2,1,23,17,252,40000
3,3,3,162.74,3,0,2,1,31,7,520,31953
6,6,3,173.41,3,1,1,1,14,22,685,39502
3,3,2,38.34,3,0,2,1,15,7,146,38081
11,11,1,84.83,2,1,1,1,8,4,133,15679
5,5,2,47.11,3,0,3,1,12,3,145,30780
3,3,2,56.82,3,1,1,2,39,19,265,46639
12,12,5,101.01,2,1,3,2,24,17,111,10990
4,4,3,154.49,3,1,2,1,79,2,425,27510
7,7,3,85.25,3,1,3,1,23,9,218,25572
2,2,1,54.6,2,1,2,2,22,15,253,46337
1,1,2,38.91,3,0,3,1,23,10,166,42663
2,2,1,55.19,2,0,1,1,25,23,165,29897
9,9,1,84.07,3,1,2,1,21,39,136,16177
9,9,1,95.56,3,0,3,1,35,16,312,32650
4,4,5,113.72,3,1,2,1,38,39,380,33416
2,2,2,45.99,2,0,2,1,55,28,153,33269
6,6,2,53.21,3,1,1,2,44,18,115,21613
7,7,5,84.89,3,1,2,1,92,25,186,21911
4,4,1,65.15,3,0,1,1,16,4,155,23792
11,11,1,84.52,2,1,2,1,6,17,145,17156
11,11,2,41.65,3,0,2,1,10,0,130,31213
2,2,1,88.29,3,1,2,1,9,12,510,57765
3,3,2,34.91,3,0,2,1,13,18,135,38671
2,2,1,56.22,3,0,2,1,19,15,176,31306
1,1,2,60.18,3,1,1,2,11,9,215,35727
5,5,2,44.93,3,0,1,1,14,11,142,31605
1,1,2,94.91,3,1,3,1,17,8,590,62165
11,11,2,39.44,2,0,2,1,4,47,39,9889
2,2,1,54.47,2,0,1,1,48,11,147,26988
11,11,1,62.38,3,0,3,1,6,9,27.3,4377
3,3,3,122.7,2,0,2,1,26,12,530,43195
5,5,1,65.38,2,0,3,1,7,7,205,31356
11,11,1,87.6,3,1,3,1,15,1,125,14270
2,2,2,45.76,3,0,2,1,11,7,140,30595
3,3,1,59.7,2,0,1,1,49,12,205,34339
5,5,1,66.05,2,0,2,1,29,3,130,19683
5,5,2,40.83,3,0,3,1,64,19,79,19349
10,10,1,91.74,3,0,1,1,29,10,219,23872
3,3,2,57.1,1,1,3,3,10,4,130,22768
5,5,1,48,3,0,2,1,19,5,93,19375
1,1,1,93.33,3,1,2,1,12,5,540,57860
12,12,3,105,2,1,3,2,17,9,247,23524
4,4,2,49.72,2,1,1,2,37,27,108,21722
2,2,1,98.4,3,1,1,2,13,69,409,41566
3,3,5,98.94,2,0,1,1,40,28,386,39014
6,6,1,114.46,3,0,3,1,22,10,248,21667
2,2,3,169.12,3,1,3,1,106,7,698,41273
1,1,4,30.63,3,0,1,2,22,3,255,83252
9,9,1,95.97,2,0,2,1,12,7,115,11983
1,1,2,26.4,2,0,3,1,60,4,158,59849
2,2,3,70.95,3,1,2,2,6,20,360,50740
4,4,1,74.68,2,0,1,1,24,18,179,23969
6,6,2,44.24,3,0,3,1,38,2,88,19892
3,3,1,60.17,3,0,3,1,25,7,143,23766
1,1,1,58.65,2,1,2,3,24,26,368,62746
11,11,9,78.2,2,0,3,1,1,7,73,9336
2,2,1,66,2,0,1,1,81,4,148,22425
2,2,2,41.79,2,0,2,1,50,27,128,30630
3,3,2,41.79,3,0,1,1,24,8,141,33741
5,5,2,67.87,3,1,2,2,74,32,149,21954
11,11,5,107.37,3,1,2,1,12,8,309.5,28826
2,2,5,96.53,3,0,1,1,74,57,460,47654
10,10,1,87.68,2,0,1,1,14,5,178,20302
7,7,6,92.82,3,1,2,3,11,7,208,22409
2,2,3,130.33,3,0,2,1,4,1,430,32994
7,7,5,89.66,3,1,1,1,13,6,199,22195
2,2,2,43.13,1,0,3,1,66,19,106,24577
3,3,1,79.51,3,1,3,2,24,5,275,34587
2,2,2,39.51,2,0,2,1,10,7,163,41256
8,8,1,100.68,2,0,1,1,9,2,130,12913
1,1,2,47.29,3,1,3,1,30,16,340,71897
1,1,4,25.95,1,0,1,1,11,11,158,60887
2,2,1,68.47,3,0,1,1,58,42,300,43815
3,3,3,140.87,2,1,2,1,37,34,520,36914
5,5,3,140.82,2,1,1,2,33,10,369,26204
3,3,2,51.34,2,1,2,1,35,35,170,33113
3,3,2,34.93,2,0,2,1,18,41,185,52964
3,3,1,55.11,2,0,2,1,27,18,166,30122
5,5,2,48.6,2,1,2,1,26,25,131.5,27058
1,1,3,172.8,3,1,2,1,96,13,785,45429
4,4,1,82.01,2,0,1,1,19,36,256,31216
13,13,5,84.4,3,0,1,3,7,13,115,13626
11,11,1,71.36,3,1,3,1,5,22,45.5,6377
4,4,1,82.05,2,0,2,1,40,7,199,24254
9,9,2,62.56,3,1,2,1,4,16,130,20781
10,10,1,62.58,3,0,2,1,16,2,120,19176
7,7,2,56.07,3,1,1,2,84,11,109,19440
12,12,5,94.89,3,1,2,1,19,10,135,14227
5,5,2,85.55,2,1,3,1,16,5,201,23496
4,4,1,44.38,2,0,2,1,12,17,116,26138
5,5,2,41.8,2,0,1,1,6,3,118,28230
10,10,2,37.39,2,1,1,1,9,5,80,21397
3,3,2,36.45,2,0,3,1,10,7,110,30179
12,12,5,102.3,3,0,1,1,17,3,193,18867
11,11,1,40.5,2,0,2,1,9,27,34,8396
11,11,2,39.67,3,0,1,1,6,4,40,10084
11,11,1,61.85,2,0,3,1,17,30,58,9378
3,3,4,20.24,1,0,1,1,19,8,126,62253
9,9,3,143.95,3,1,3,1,8,2,575,39945
11,11,2,43.63,3,0,3,1,10,9,39,8939
4,4,1,76.49,2,0,1,1,57,11,186,24317
3,3,1,60.2,2,0,2,1,53,17,182,30233
2,2,1,75.85,3,0,1,1,87,9,259,34147
9,9,1,83.38,2,0,3,1,46,16,165,19789
4,4,1,113.17,3,1,1,1,88,8,251,22180
5,5,2,40.55,3,0,3,1,15,29,87,21455
4,4,1,58.39,2,0,2,1,6,4,122,20894
7,7,3,88.69,3,1,2,1,28,7,182,20521
2,2,3,157.46,2,0,2,1,15,19,405,25721
3,3,1,57.47,2,0,2,1,15,2,171,29755
6,6,1,79.98,2,0,3,3,50,14,119,14879
2,2,1,58.71,3,0,2,1,31,27,280,47693
4,4,2,39,3,0,3,1,202,28,92,23590
9,9,5,100.5,3,1,2,1,28,17,165,16418
3,3,2,35.78,2,0,2,1,14,34,181,50587
2,2,1,66.99,2,0,1,1,33,22,213,31796
4,4,1,62.69,2,0,1,1,19,14,202,32223
3,3,2,51.21,3,1,2,1,20,16,149,29096
8,8,1,82.93,3,1,3,1,11,1,108,13024
12,12,1,83.17,3,1,2,1,11,2,140,16833
4,4,1,66.57,3,0,3,1,29,7,156,23434
4,4,1,55.53,3,0,2,1,181,17,115,20710
2,2,1,75.75,3,0,3,1,33,1,188,24819
1,1,1,93.68,3,1,1,2,54,15,495,52840
2,2,2,44.05,2,0,3,1,24,2,126,28604
3,3,3,126.83,2,0,2,1,40,8,380,29962
7,7,1,84.85,1,0,3,1,35,20,169,19918
2,2,1,76.36,2,0,1,1,18,23,210,27502
2,2,1,61.76,3,0,2,1,36,14,219,35460
3,3,2,33.53,2,1,3,1,31,13,138,41158
4,4,2,66.53,2,1,1,1,40,14,145,21795
2,2,2,30.63,2,0,1,1,22,26,114,37219
11,11,1,86.65,3,0,2,1,17,43,79,9118
6,6,2,46.29,2,1,1,1,68,22,114,24628
7,7,2,74.18,2,0,2,3,15,2,206,27771
4,4,1,87.78,3,1,3,1,19,16,279,31785
8,8,2,51.38,2,0,3,1,6,6,91,17712
4,4,2,22.23,2,0,1,1,11,2,99,44535
7,7,3,87.97,2,1,1,1,183,76,185,21030
12,12,1,89.13,3,1,1,1,44,54,176,19747
3,3,2,46.41,2,0,1,1,14,2,165,35553
3,3,2,41.57,3,0,2,1,19,8,135,32476
3,3,6,96.24,3,0,3,1,123,15,363,37719
7,7,3,171.38,2,1,1,1,192,14,490,28592
3,3,1,51.98,3,0,2,1,52,9,168,32321
2,2,1,59.68,2,0,3,2,231,10,143,23962
8,8,3,122.89,3,0,3,1,45,4,132,10742
1,1,2,66.55,2,1,2,1,22,19,370,55598
2,2,1,89.35,3,1,3,2,11,8,468,52379
13,13,5,93.26,3,1,1,1,2,13,150,16085
12,12,5,87.82,3,1,2,1,5,4,178,20269
11,11,1,82.75,3,1,3,1,5,5,80,9668
4,4,2,63.71,3,1,3,1,35,14,243,38142
11,11,1,40.5,2,0,1,1,18,72,36,8889
12,12,1,83.3,3,1,2,3,3,5,169,20289
8,8,1,77.42,3,1,1,1,16,5,133,17180
8,8,2,51.4,2,1,1,1,27,11,62,12063
3,3,5,105.98,3,0,2,1,51,12,405,38215
11,11,1,62.38,2,1,3,1,2,7,28,4489
2,2,2,39.12,2,0,2,1,24,13,172,43968
6,6,5,106.15,3,1,3,1,23,11,425,40038
2,2,1,89.73,2,0,3,1,42,2,177,19726
2,2,2,62.93,3,1,3,2,12,1,95,15097
8,8,2,58.49,3,1,1,1,29,6,96,16414
7,7,2,48.18,2,0,1,1,36,31,119,24700
4,4,5,93.53,3,1,3,1,20,10,260,27799
8,8,1,69.19,2,1,2,1,106,16,128,18500
2,2,2,41.1,2,0,3,1,16,53,165,40146
1,1,1,54.7,2,0,2,1,58,30,255,46618
5,5,1,81.72,2,0,3,1,61,27,155,18968
2,2,1,73.23,2,0,2,1,230,36,227,30999
3,3,1,68.07,2,0,1,1,108,26,310,45542
4,4,1,92.55,2,1,3,1,29,18,288,31119
3,3,1,93.9,3,0,2,1,13,17,292,31097
6,6,1,92.69,3,1,1,1,79,46,348,37545
7,7,1,86.51,3,1,3,1,187,46,263,30402
7,7,8,134.61,3,0,1,1,32,25,268,19910
2,2,1,97.99,3,0,1,1,89,41,325,33167
11,11,2,73.37,3,1,3,2,19,28,157,21399
11,11,2,61.85,3,0,1,1,19,22,110,17785
2,2,1,60.66,2,0,1,1,22,17,200,32971
2,2,1,60.08,2,0,3,1,28,20,150,24967
4,4,1,98.6,2,1,2,1,4,14,282,28601
8,8,1,85.2,2,1,2,1,38,18,165,19367
7,7,1,89.33,3,1,2,1,46,12,265,29666
5,5,2,39.87,1,0,3,1,94,18,76,19062
8,8,1,78.02,3,1,1,1,71,33,103,13202
2,2,1,67.81,2,0,2,1,26,10,278,40997
4,4,1,60.59,2,1,3,2,193,44,117,19311
4,4,1,61.69,3,1,3,2,308,49,130,21074
3,3,1,52.79,2,0,1,1,21,24,218,41296
4,4,1,82.08,3,0,3,1,31,26,203,24732
4,4,1,88.84,3,0,2,1,104,17,242,27240
7,7,1,79.81,3,0,3,1,89,6,139,17417
8,8,1,89.51,1,1,1,1,8,22,205,22903
3,3,3,103.67,3,0,2,1,300,16,373,35980
2,2,1,68.48,2,0,2,1,24,23,288,42057
3,3,2,45.55,2,1,1,1,69,21,165,36224
9,9,2,48.68,2,0,2,1,24,47,122,25062
2,2,2,37.97,3,0,3,1,77,12,121,31868
7,7,1,90.33,3,1,1,1,40,15,249,27566
3,3,3,152.7,3,1,3,1,102,17,538,35233
8,8,1,86,1,1,2,1,13,22,176,20466
4,4,6,109.19,3,0,2,1,34,5,255,23354
3,3,1,52.97,2,0,1,1,61,29,204,38513
8,8,5,90.45,2,1,2,1,22,32,219,24213
2,2,1,59.48,2,0,3,1,17,7,147,24715
6,6,1,49.47,2,0,2,1,45,21,124,25066
2,2,3,109.67,2,0,2,1,103,12,365,33282
2,2,1,60.59,2,0,3,1,32,5,182,30038
4,4,2,59.59,3,1,3,2,8,18,123,20642
6,6,1,94.1,3,1,3,3,27,24,304,32307
7,7,2,80.48,2,1,1,1,9,8,175,21745
7,7,1,69.13,2,1,3,1,6,5,152,21988
10,10,1,81.77,2,0,3,1,71,11,134.5,16449
10,10,1,67.51,2,1,2,1,77,27,125,18516
3,3,1,75.28,2,0,1,1,30,18,328,43571
3,3,6,124.74,2,0,2,1,50,3,436,34953
5,5,1,77.03,2,0,3,1,52,10,175,22719
4,4,2,44.2,2,0,2,1,49,16,99,22399
3,3,1,67.42,2,0,3,1,16,11,275,40790
3,3,2,40.59,2,0,3,1,28,8,175,43115
7,7,5,90.27,3,1,1,1,25,9,219,24261
4,4,1,87.31,2,0,3,1,4,3,292,33445
3,3,1,65.18,2,0,2,1,22,3,175,26849
3,3,1,67.25,2,0,2,1,28,29,315,46841
11,11,1,70.57,2,1,1,1,16,16,126,17855
3,3,1,89.17,3,1,3,1,128,11,320,35887
9,9,1,77.01,1,1,1,3,28,25,118,15323
12,12,3,122.1,1,1,3,1,9,15,258,21131
4,4,1,101.92,3,0,3,1,63,9,245,24039
11,11,3,146.53,3,1,3,1,116,20,410,27981
6,6,3,121.84,3,1,3,1,37,27,510,41859
3,3,5,79.13,1,1,3,1,13,16,325,41072
8,8,1,62.46,2,0,3,1,47,4,128,20494
4,4,1,124.88,3,1,3,1,31,22,465,37236
11,11,5,116.14,1,1,1,2,1,10,159,13691
10,10,2,65.44,1,1,1,1,55,22,136,20783
5,5,1,57.4,2,0,1,1,6,3,128,22300
11,11,5,99.45,3,0,2,1,1,25,128,12871
11,11,6,86.07,2,1,3,1,7,58,62,7204
4,4,2,47.27,3,1,3,2,43,15,100,21156
2,2,2,55.27,3,0,2,1,190,9,143,25873
2,2,2,50.96,2,1,2,1,102,25,132,25903
8,8,3,146.69,3,0,2,1,7,12,240,16362
2,2,5,85.5,3,0,2,1,139,22,288,33685
3,3,2,35.6,1,0,1,1,22,21,175,49158
11,11,1,89.99,2,0,1,1,1,23,99,11002
2,2,1,53.44,3,0,1,1,12,4,159,29753
4,4,5,102.28,2,0,3,1,4,7,290,28354
4,4,1,104.95,2,1,1,2,24,21,295,28109
10,10,5,92.09,2,0,3,1,33,12,137,14877
7,7,2,38.74,2,0,1,1,13,11,103,26588
4,4,2,50.83,2,1,2,2,36,18,142,27937
1,1,1,91.14,1,1,3,2,13,22,555,60896
2,2,2,44.61,2,0,3,1,6,9,135,30263
8,8,1,91.55,2,1,1,1,27,39,113,12343
2,2,1,111.41,3,0,1,1,51,8,445,39943
4,4,1,87.78,3,1,3,1,62,5,264,30076
3,3,1,70.24,2,0,3,1,157,16,157,22352
6,6,2,45.78,2,0,2,1,42,11,108,23592
7,7,3,92.4,3,1,3,1,78,12,298,32252
12,12,5,90.21,3,1,2,1,15,14,177,19621
5,5,1,58.54,1,0,2,1,115,23,123,21012
3,3,1,58.87,2,0,3,1,15,5,124,21064
4,4,1,80.8,3,0,1,1,95,13,266,32921
11,11,1,61.85,3,0,1,1,9,55,77,12450
6,6,1,57.14,2,0,2,1,4,4,140,24502
8,8,1,89,1,1,3,3,80,27,76,8540
1,1,6,93.66,3,1,3,1,33,2,370,39505
8,8,1,60,2,0,3,1,12,6,108,18000
12,12,1,81.88,3,1,1,2,14,18,192,23449
2,2,1,98.4,3,1,2,2,3,27,420,42683
1,1,2,53.62,2,1,2,2,10,11,369,68818
12,12,5,95.93,1,1,1,1,9,17,213,22204
5,5,2,53.28,3,1,3,2,31,4,100,18769
10,10,1,90.66,3,1,3,3,12,13,198,21840
2,2,2,34.61,2,0,1,1,449,53,99,28605
5,5,5,76.12,2,0,2,1,27,10,169,22202
2,2,3,146.52,3,1,2,1,53,0,499,34057
1,1,1,65.95,2,0,2,1,19,8,305,46248
12,12,3,98.83,3,1,3,1,7,6,210,21249
11,11,1,72.75,2,1,3,1,6,12,38.5,5293
6,6,2,53.48,2,0,1,1,8,15,145,27113
8,8,1,69.1,3,0,1,1,14,9,150,21708
1,1,1,51.61,2,0,3,1,31,17,315,61035
4,4,1,101.93,3,0,1,1,42,14,318,31198
2,2,2,41,2,0,2,1,11,4,115,28049
3,3,1,104,2,0,3,1,5,2,305,29327
4,4,1,61.8,1,0,3,1,2,4,166,26861
5,5,1,99.77,3,1,3,2,19,13,272,27263
9,9,5,83,3,1,3,1,22,12,157,18916
2,2,1,87.37,3,1,1,1,14,26,445,50933
1,1,1,62.12,2,0,2,1,14,9,298,47972
2,2,1,85.14,3,0,3,1,13,6,222,26075
4,4,2,52.12,2,1,1,2,31,7,149,28588
11,11,1,60.95,2,0,3,1,43,24,46.5,7630
11,11,2,46.9,3,0,2,1,9,23,45.5,9702
13,13,5,94.2,3,1,2,1,19,15,65,6901
6,6,2,75.85,2,0,2,1,9,5,192,25314
11,11,1,64.42,2,0,3,1,12,6,39.5,6132
3,3,1,51.35,1,0,1,1,53,19,220,42844
1,1,2,44.4,2,0,3,1,30,16,160.5,36149
9,9,2,58.08,1,1,3,1,10,16,108,18596
2,2,1,77.12,3,1,2,1,73,15,265,34363
4,4,1,65,2,0,2,1,22,18,190,29231
5,5,1,89.69,3,1,3,1,29,6,191,21296
2,2,1,67.72,2,0,3,1,24,7,265,39132
10,10,1,79.8,2,1,1,3,32,3,160,20051
6,6,6,104.29,2,0,2,1,53,8,310,29725
13,13,3,121.48,1,1,3,2,12,19,96,7903
4,4,2,43.43,2,0,1,1,13,7,116,26710
2,2,1,67.6,3,1,1,1,22,11,220,32545
7,7,1,95.09,3,1,3,1,18,7,275,28920
3,3,2,38.9,1,0,2,1,19,10,119,30592
3,3,2,39.53,3,0,3,1,12,13,202,51101
3,3,1,69.07,2,0,2,1,47,17,218,31563
3,3,2,44.6,2,0,1,1,32,19,210,47086
7,7,1,75.28,2,0,3,1,135,4,118,15675
8,8,2,38.06,2,0,2,1,43,8,80,21020
4,4,5,85.86,3,0,3,1,20,6,185,21547
4,4,1,60.2,3,0,3,1,86,3,135,22426
7,7,1,92.96,3,1,3,1,7,1,256,27539
12,12,5,92.07,3,1,3,2,2,3,208,22592
5,5,1,64.4,2,1,2,1,23,2,145,22516
7,7,2,56,2,1,3,1,2,3,125,22322
2,2,5,109.28,2,0,2,1,87,16,485,44382
5,5,1,60.93,2,0,2,1,69,8,130,21336
4,4,3,29.18,2,1,1,2,10,10,230,78822
10,10,5,106.96,2,1,1,2,13,10,178,16642
12,12,3,103.81,1,1,3,1,16,15,96,9248
11,11,3,128.98,2,0,2,1,2,5,228,17678
9,9,1,76,2,1,3,1,43,24,148,19474
7,7,2,52.08,1,0,1,1,8,15,118,22658
2,2,2,34.87,2,0,3,1,12,33,160,45885
12,12,3,106.11,3,1,3,1,1,3,210,19791
8,8,1,91.55,3,1,2,1,9,2,118,12890
5,5,1,56.71,2,0,2,1,10,7,125,22042
4,4,2,47.39,3,0,2,1,6,5,124,26166
12,12,1,91.1,3,1,3,1,7,16,142,15588
1,1,2,22.45,2,0,3,1,6,10,150,66816
8,8,6,95.19,1,1,3,1,33,16,146,15338
3,3,6,81.41,2,0,1,1,14,19,380,46678
3,3,2,49.16,2,0,3,1,32,3,96,19529
11,11,1,61.56,2,0,2,1,2,14,74,12021
12,12,2,68.19,1,1,3,1,45,12,136,19945
8,8,1,66.64,3,1,3,1,25,28,84,12606
11,11,1,61.89,3,1,2,1,34,16,45,7271
2,2,1,58.85,2,0,2,1,17,10,202,34325
11,11,1,88.87,2,1,3,2,7,1,76,8552
4,4,1,82.98,2,0,3,1,39,2,143,17234
12,12,5,99,3,1,2,1,6,3,185,18687
9,9,1,93.35,3,1,2,1,71,11,159,17033
3,3,3,187.65,3,1,3,1,14,3,660,35172
1,1,5,68.76,3,1,3,2,18,3,315,45812
7,7,1,81.44,1,1,2,1,33,21,162,19892
10,10,2,49.11,2,0,2,1,14,6,104,21177
7,7,1,95.07,3,1,1,1,13,4,255,26823
3,3,2,61.47,3,1,2,1,11,2,248,40345
9,9,5,105.76,3,1,1,1,31,10,235,22221
5,5,2,34.76,3,0,2,1,23,16,98,28194
4,4,1,63.81,3,0,3,1,23,7,205,32127
3,3,2,49.25,2,1,1,1,16,10,150,30457
11,11,1,67.18,2,0,2,3,2,41,30,4466
11,11,5,96,3,1,2,1,2,25,120,12500
11,11,1,95.25,3,1,1,1,15,5,135,14174
8,8,1,82.93,3,1,1,1,14,9,113,13626
10,10,1,82.41,2,0,2,1,6,6,137,16625
10,10,1,107.99,2,0,3,1,3,5,172,15928
10,10,3,101.45,1,1,1,3,6,13,198,19518
11,11,6,92.61,3,1,3,1,5,16,125,13498
6,6,3,147.6,3,0,3,1,7,0,482,32656
4,4,6,75.15,3,0,2,1,43,9,192,25549
2,2,2,57.58,3,0,3,1,20,1,156,27093
6,6,2,75,2,0,2,1,18,6,204,27200
4,4,1,68.58,3,1,3,1,2,6,268,39079
2,2,1,88.04,3,0,3,1,30,0,195,22150
4,4,2,43.71,3,0,3,1,141,2,89.5,20476
4,4,2,39.4,1,0,2,1,19,20,98,24874
4,4,5,92.37,2,0,3,1,22,10,198,21436
10,10,1,63.72,2,1,1,1,25,9,126,19775
4,4,1,66.73,2,0,3,1,40,8,145,21730
1,1,4,16.18,2,0,2,1,9,8,210,129790
4,4,2,52.22,3,1,2,1,6,10,195,37343
11,11,1,63,2,0,1,1,1,24,26.5,4207
9,9,2,57.56,2,1,2,1,10,7,112,19458
9,9,1,81.41,3,1,1,1,119,10,125,15355
6,6,2,63.88,2,1,3,1,12,3,232,36319
3,3,2,33.32,2,0,3,1,6,6,120,36015
5,5,2,57.36,3,1,2,1,19,10,152,26500
4,4,1,62.62,2,0,3,1,25,1,124,19802
2,2,1,61.68,2,0,2,1,53,10,138,22374
12,12,1,87.44,2,1,2,3,2,3,133,15211
11,11,3,142.92,1,1,1,1,5,8,245,17143
9,9,5,97.98,3,1,1,1,40,15,173,17657
1,1,1,82.98,3,1,1,1,30,17,405,48807
11,11,1,83.43,1,0,3,1,9,12,131,15702
3,3,1,54.41,2,0,1,1,9,17,165,30326
11,11,1,70.68,3,0,2,1,26,14,38,5377
3,3,2,33.72,2,0,2,1,11,5,175,51898
12,12,3,117,3,1,2,1,43,5,105,8975
10,10,6,95.67,3,1,3,3,45,4,184,19233
5,5,1,100.86,2,0,2,1,2,1,298,29546
12,12,1,91.5,3,1,1,1,6,9,209,22842
7,7,3,122.25,1,1,3,1,8,13,260,21268
8,8,1,70.36,2,0,2,1,4,3,123,17482
4,4,3,148,3,0,1,1,15,3,545,36825
12,12,5,89.2,2,0,3,1,33,17,116.5,13061
12,12,5,83.88,1,1,1,1,11,20,112,13353
9,9,1,88.45,1,1,1,1,12,12,115,13002
1,1,2,33,2,0,3,1,4,6,185,56061
7,7,5,88.31,3,0,1,1,8,3,150,16986
11,11,1,63.53,2,0,3,1,26,15,25.5,4014
3,3,2,26.24,2,0,2,1,28,3,109,41540
12,12,1,82,3,1,1,3,28,3,130,15854
4,4,1,60,2,0,3,1,28,3,140,23334
7,7,5,89.46,3,0,2,1,11,14,203,22692
8,8,3,113.99,3,1,1,1,4,2,420,36846
8,8,1,82.92,2,1,2,1,9,2,143,17246
7,7,1,70.03,3,1,3,1,15,5,135,19278
2,2,2,35.38,3,0,3,1,60,16,165,46637
4,4,1,63.35,2,0,2,1,6,8,158,24941
4,4,1,97.98,3,1,1,1,9,1,475,48480
5,5,5,89.2,2,0,1,1,27,2,315,35314
7,7,2,75.76,2,1,2,1,18,2,193,25476
1,1,1,93.83,3,1,2,1,2,5,530,56486
1,1,2,55.68,3,1,3,3,7,3,330,59268
12,12,1,88.23,3,1,1,3,12,2,142,16095
4,4,2,48.12,2,0,2,1,13,5,97,20158
11,11,2,42.3,3,0,3,1,7,28,53,12530
11,11,1,76.36,1,1,3,1,9,7,89,11656
12,12,5,88.42,3,1,2,1,19,15,146,16513
10,10,1,68.45,2,0,1,1,6,4,152,22206
7,7,6,92.36,3,1,2,1,22,20,192,20789
11,11,2,38.52,2,0,2,1,7,23,53,13760
11,11,1,55.71,2,0,1,1,0,7,55,9873
11,11,1,55.59,2,0,1,3,12,24,26.5,4768
4,4,1,71.54,3,1,2,2,83,18,133,18591
10,10,1,77.51,2,1,2,3,2,4,152,19611
2,2,2,42.16,2,0,3,1,22,2,135,32021
11,11,1,59.41,2,0,3,1,63,35,24.5,4124
11,11,1,75.77,2,0,3,1,74,101,43,5676
5,5,1,58.88,3,1,3,1,18,2,124,21060
3,3,1,55.65,1,0,3,1,6,4,171,30728
5,5,1,58.34,2,0,3,1,17,5,118,20227
6,6,1,80.37,2,0,1,1,15,11,245,30485
2,2,2,76.76,3,1,2,1,32,7,395,51460
4,4,2,53.49,2,0,1,1,7,4,120,22435
8,8,1,82.93,3,1,2,1,20,10,110,13265
8,8,1,85.23,3,1,2,1,9,6,172,20181
8,8,1,74.97,3,1,1,1,55,16,169,22543
12,12,1,91.91,3,1,2,1,27,20,127,13818
5,5,1,76.38,3,1,2,1,61,10,160,20948
11,11,3,101.1,3,1,1,1,26,34,198,19585
10,10,1,87.3,3,1,2,3,15,2,179,20505
11,11,1,97.47,3,1,2,1,30,2,245,25136
8,8,1,69.91,3,0,3,1,27,7,155,22172
2,2,3,102.17,1,1,1,1,6,6,500,48939
12,12,5,91.4,2,0,2,1,3,11,185,20241
2,2,2,43.56,3,0,2,1,66,2,150,34436
2,2,2,53.41,3,0,2,1,12,5,179,33515
8,8,6,93.12,3,1,2,1,19,14,205,22015
10,10,1,96.86,2,0,2,1,9,12,160,16519
12,12,5,96.92,1,1,3,1,30,3,69,7120
12,12,5,86.22,3,1,2,1,6,12,182,21109
10,10,2,59.93,3,1,2,1,31,6,91,15185
11,11,2,39.44,2,0,3,1,49,38,34.5,8748
11,11,1,65.12,2,0,1,1,151,48,26,3993
11,11,1,87.07,2,1,1,1,4,12,98,11256
3,3,1,39.85,2,0,1,1,4,4,149,37391
11,11,1,57.08,2,0,2,1,0,48,25,4380
4,4,5,99.5,3,0,3,1,18,0,185,18593
7,7,3,128,3,1,1,1,11,3,280,21875
5,5,1,55.87,2,0,3,1,112,9,99,17720
1,1,2,39.02,1,0,1,1,50,9,95,24347
4,4,1,77.54,2,0,3,1,17,1,160,20635
5,5,2,51.06,2,1,3,2,10,2,118,23111
1,1,1,89.97,3,1,3,1,4,12,610,67801
4,4,2,54.53,2,0,2,1,31,15,110,20173
10,10,2,69.38,2,0,3,1,8,0,100,14414
11,11,1,84.96,3,0,2,1,15,2,93,10947
4,4,2,60.83,3,0,2,1,11,0,152,24988
2,2,2,45.61,2,0,1,1,27,4,100,21926
2,2,2,32,3,0,1,1,63,1,85,26563
7,7,1,81.97,3,1,3,2,19,13,127,15494
11,11,1,60.31,2,0,2,1,7,17,51.9,8606
13,13,4,69.1,3,1,1,2,37,6,49,7092
2,2,2,35.24,2,0,1,1,16,1,110,31215
6,6,1,68.74,2,0,3,1,178,10,123,17894
4,4,1,69.43,2,0,1,1,53,19,182,26214
7,7,1,87.33,3,1,3,1,21,18,279,31948
2,2,1,87.89,3,0,1,1,109,19,290,32996
8,8,1,95.28,1,1,3,1,26,20,142,14904
1,1,2,59.47,2,1,1,2,26,38,202,33967
2,2,1,78.6,3,0,3,1,262,1,162,20611
2,2,1,88.25,3,1,2,1,286,19,325,36828
4,4,1,72.39,2,0,1,1,136,13,180,24866
1,1,1,51.35,3,0,1,1,35,13,420,81792
6,6,1,90,2,0,1,1,24,7,278,30889
2,2,1,81.74,3,0,2,1,8,2,232,28383
2,2,1,94.03,3,1,1,1,6,6,520,55302
2,2,1,85.55,2,0,1,1,52,9,185,21625
3,3,1,79.93,3,0,1,1,15,14,318,39785
2,2,1,54.54,2,0,1,1,28,40,195,35754
3,3,3,164.95,3,1,1,3,37,6,526,31889
5,5,2,70.21,3,0,3,1,50,5,123,17519
4,4,1,84.47,2,0,3,1,153,16,218,25808
2,2,1,92.89,2,1,1,1,28,10,318,34235
10,10,1,92.3,2,1,3,3,36,14,199,21561
4,4,1,74.7,2,0,3,1,22,11,258,34539
3,3,1,52.67,3,0,2,1,49,7,243,46137
9,9,3,132.97,2,0,3,1,72,4,124,9326
4,4,1,60.42,2,1,2,2,258,7,116,19199
6,6,2,51.19,3,0,1,1,15,25,138,26959
7,7,3,161.97,3,1,3,1,49,21,513,31673
2,2,2,50.56,2,1,1,2,35,28,153,30262
10,10,2,51.97,2,0,3,1,31,12,103,19820
11,11,6,124.55,2,0,1,1,2,1,189,15175
2,2,1,87.73,3,1,1,1,118,6,270,30777
3,3,2,68.1,2,1,3,1,54,12,340,49927
5,5,2,41.62,2,0,3,1,19,7,129.5,31115
9,9,3,115.58,2,1,3,1,111,6,105,9085
3,3,1,87.99,2,0,3,1,166,0,290,32959
4,4,1,59.99,2,0,3,1,8,7,145,24171
8,8,1,81.56,3,1,2,1,30,5,173,21212
2,2,1,59.39,3,0,3,1,32,12,161,27109
2,2,1,62.61,2,0,2,1,68,28,205,32743
6,6,1,104.17,3,0,2,1,24,5,296,28416
8,8,1,69.13,3,1,2,2,29,13,123,17793
7,7,1,90.3,2,1,1,1,81,6,242,26800
8,8,6,81.03,2,1,1,1,10,7,210,25917
2,2,5,95.47,2,0,3,1,40,2,270,28282
1,1,1,54.12,3,0,3,1,7,5,360,66519
6,6,1,70.88,3,0,2,1,96,9,173,24408
3,3,1,57.23,2,0,2,1,30,33,160,27958
5,5,2,74.12,3,1,3,2,7,1,162,21857
5,5,2,54.6,2,0,2,1,12,6,130,23810
4,4,3,125.24,3,1,2,1,23,6,320,25551
5,5,6,124.86,2,0,3,1,73,6,203,16259
5,5,1,80.86,3,1,3,2,41,11,189.9,23486
5,5,2,49.67,3,0,2,1,7,2,139,27985
1,1,5,47.95,2,1,3,2,6,12,290,60480
2,2,1,89,3,1,2,2,13,32,470,52809
12,12,5,94.51,1,1,1,2,2,0,213,22538
2,2,1,86.8,3,1,2,1,25,8,269,30991
8,8,1,85.1,2,0,3,1,13,1,145,17039
1,1,1,70.33,2,1,2,2,14,13,428,60856
7,7,1,90.25,2,0,1,1,3,6,205,22715
2,2,1,112.06,3,0,2,1,41,5,388,34625
11,11,1,91.73,3,1,2,1,19,2,267,29108
8,8,2,59.48,3,1,1,1,34,8,100,16813
2,2,1,58.73,2,0,2,1,22,7,188,32011
8,8,1,81.56,3,1,1,1,6,5,175,21457
8,8,1,80.94,1,1,2,1,3,8,132,16309
1,1,5,68.07,3,1,2,2,12,12,308,45248
12,12,5,89.12,3,1,2,3,14,19,175.5,19693
2,2,2,73.45,3,1,3,1,41,1,365,49694
11,11,6,144.59,3,1,2,1,3,2,410,28357
5,5,2,41.23,2,0,3,1,9,15,88,21344
4,4,2,71.81,3,1,1,1,6,10,285,39689
4,4,1,91.7,3,1,2,1,32,5,289,31516
2,2,2,39.6,3,0,2,1,10,9,121,30556
6,6,1,90.26,2,1,2,3,15,2,348,38556
5,5,2,40.3,2,0,3,1,13,19,95,23574
2,2,2,21.38,2,0,3,1,12,8,95,44435
11,11,1,71.77,3,0,3,1,18,16,52,7246
11,11,1,63.53,2,0,2,1,63,23,36,5667
6,6,1,71.19,3,0,2,1,40,4,190,26690
4,4,6,123.64,3,1,3,1,23,12,305,24669
2,2,1,36.04,2,0,3,1,7,0,165,45783
8,8,5,91.09,3,0,3,1,55,3,102,11198
2,2,2,51.67,3,0,2,1,15,2,160,30966
8,8,2,65.43,3,1,3,1,11,10,157,23996
2,2,2,53.68,2,0,3,1,23,7,126,23473
12,12,1,72.1,2,1,3,1,14,44,158,21915
7,7,2,60.38,2,0,2,1,31,1,110,18218
8,8,5,83.77,2,1,2,2,86,13,94,11222
7,7,1,98.55,3,1,3,1,17,6,157,15931
5,5,1,89.07,3,0,2,1,4,1,238,26721
12,12,1,86.56,2,1,3,1,31,8,66,7625
12,12,5,107.27,3,1,2,1,16,10,258,24052
6,6,2,72.07,3,0,2,1,9,6,200,27751
3,3,5,112,3,1,1,1,32,11,410,36608
5,5,2,48.55,2,0,2,1,17,3,100,20598
11,11,1,62.52,2,0,2,1,32,6,51.9,8302
8,8,1,87,2,1,3,1,10,42,108,12414
4,4,6,104,3,0,3,1,30,3,268,25770
6,6,5,97.43,2,0,2,1,1,1,255,26173
1,1,2,50.99,3,1,2,2,4,16,205,40204
7,7,5,100.88,3,0,3,1,4,5,220,21809
11,11,1,84,1,1,2,1,1,24,112,13334
5,5,1,58,3,0,3,1,50,13,105,18104
9,9,3,125.79,3,1,2,1,46,0,120,9540
11,11,1,88.4,3,1,2,1,1,3,108,12218
4,4,2,42.02,1,0,2,1,4,3,145,34508
7,7,1,72.2,1,1,3,3,6,1,145,20084
10,10,1,85.4,1,0,3,1,6,2,137,16043
11,11,1,60.35,2,0,3,1,4,0,30,4972
2,2,1,88.26,3,1,3,2,436,13,390,44188
3,3,6,99.08,2,0,1,1,27,24,385,38858
6,6,1,76.63,2,0,2,1,291,20,157,20489
3,3,6,88.37,2,1,2,1,171,24,275,31120
4,4,1,94.79,2,0,2,1,27,42,268,28274
6,6,6,120.94,2,0,3,3,56,0,210,17364
2,2,2,53.4,2,0,3,1,79,30,148,27716
5,5,1,63.95,3,0,2,1,34,23,205,32057
2,2,1,67.07,2,0,1,1,2,1,220,32802
4,4,1,91.41,3,1,1,2,96,14,240,26256
7,7,3,136.16,3,1,1,1,114,25,440,32315
10,10,1,67.03,2,0,3,1,115,7,136,20290
3,3,3,145.08,2,1,3,1,66,7,640,44114
2,2,1,68.57,2,0,2,1,50,25,206,30043
2,2,2,55.48,3,1,3,1,40,17,172,31003
2,2,1,68.48,2,0,3,1,46,28,222,32419
10,10,1,77.49,3,1,3,2,205,23,130,16777
2,2,2,51.01,3,0,3,1,29,27,130,25486
3,3,5,89.43,3,1,1,1,25,35,318,35559
3,3,2,47.31,2,0,3,1,4,1,152,32129
2,2,5,110.2,2,0,2,1,4,7,480,43558
4,4,1,54.96,2,0,3,1,76,18,98.5,17923
2,2,1,96.4,2,0,1,1,16,13,335,34752
11,11,1,71,2,1,1,1,23,26,121,17043
7,7,2,52.99,3,0,2,1,7,10,153,28874
10,10,1,91.01,2,0,3,1,36,11,125,13735
12,12,3,91.58,2,1,3,2,24,25,235,25661
7,7,5,90.68,2,1,1,1,37,23,178,19630
4,4,2,39.74,2,0,1,1,12,18,111,27932
7,7,1,65.85,3,1,3,1,73,14,170,25817
2,2,1,79.88,2,0,1,1,40,42,251,31423
4,4,3,121.42,3,1,1,1,3,1,400,32944
4,4,8,145.87,2,0,1,1,73,23,745,51073
2,2,6,80.91,2,0,1,1,35,26,332,41034
4,4,2,37.66,2,0,1,1,45,23,105,27882
3,3,1,56.22,2,0,3,1,59,17,154,27393
8,8,6,81.07,3,1,1,1,34,7,212,26151
1,1,1,60.75,2,0,2,1,12,24,360,59260
4,4,2,65.01,3,1,2,1,6,26,188,28919
4,4,1,75.12,3,0,3,1,13,11,199,26491
12,12,5,91.37,1,1,3,1,12,25,178,19482
4,4,6,109.14,2,1,2,1,16,13,340,31153
2,2,1,49.11,2,0,1,1,5,6,155,31562
3,3,3,153.29,3,1,1,1,46,20,550,35880
2,2,1,73.16,2,0,3,1,127,21,208,28431
3,3,2,38.99,2,0,3,3,22,28,152,38985
2,2,1,80.41,2,0,2,1,31,25,332,41289
5,5,2,53.32,2,1,3,2,10,20,123,23069
2,2,5,99.74,2,1,1,1,63,22,309,30981
7,7,5,94.73,3,1,3,1,16,19,230,24280
10,10,1,76.86,2,0,1,1,3,10,160,20818
3,3,1,52.58,2,0,2,1,56,39,249,47357
2,2,2,53.75,3,0,1,1,45,7,153,28466
4,4,1,57.17,2,1,2,1,2,6,123,21515
9,9,3,136.78,3,1,2,1,105,29,285,20837
6,6,3,107.94,1,1,3,1,50,15,368,34094
7,7,5,114.56,3,1,3,1,70,19,355,30989
2,2,1,79.64,2,0,3,1,18,1,198,24862
7,7,5,118.98,3,1,1,1,26,29,338,28409
10,10,2,54.18,2,0,3,1,0,0,119,21964
12,12,3,131.82,3,1,1,1,2,1,538,40814
2,2,3,171.17,3,1,2,1,21,0,800,46738
6,6,2,57.42,2,1,3,1,7,9,109,18983
4,4,1,80.34,2,0,1,1,21,10,198,24646
1,1,5,125.25,3,1,1,1,25,46,698,55729
2,2,2,31.76,2,0,3,1,21,33,99,31172
1,1,1,77.52,2,1,3,2,39,10,515,66435
7,7,5,93.64,3,1,1,1,40,10,182,19437
4,4,2,66.35,2,0,3,1,14,15,205,30897
4,4,1,106.26,2,1,2,1,17,6,380,35762
2,2,1,48.12,2,0,1,1,13,16,163,33874
10,10,5,92.64,2,1,1,1,45,36,160,17272
7,7,5,90.27,2,1,3,1,47,36,223,24704
2,2,1,60.79,3,0,3,1,34,35,155,25498
3,3,1,114.71,3,1,1,1,53,28,350,30512
1,1,5,66.95,3,1,1,2,9,27,360,53772
9,9,5,84,1,1,3,1,8,2,140,16667
3,3,1,49.89,2,0,2,1,12,6,138,27661
3,3,1,61,2,0,1,1,21,5,155,25410
7,7,5,109.67,3,1,1,1,44,7,305,27811
7,7,3,217.79,1,1,3,1,12,20,680,31223
8,8,6,91.84,3,1,2,1,8,17,210,22866
4,4,5,101,2,0,3,1,10,8,280,27723
2,2,2,73.04,2,1,1,1,19,8,290,39705
4,4,2,45.44,2,0,1,1,2,2,115,25309
2,2,2,35.48,2,0,2,1,89,62,110,31004
4,4,2,54.13,3,0,2,1,38,27,178,32884
2,2,2,41.02,2,1,2,1,48,52,143,34862
11,11,5,93.37,3,1,2,1,0,5,165,17672
2,2,3,153.58,2,0,3,1,42,5,326,21227
3,3,1,55.13,2,0,3,1,92,23,129,23400
8,8,5,82.9,3,1,3,1,12,18,180,21713
2,2,1,52.07,3,0,2,1,140,30,138,26503
7,7,1,123,3,1,3,1,14,3,270,21952
3,3,2,40.93,3,0,2,1,13,11,125,30540
3,3,1,54.55,2,0,3,1,5,4,169,30981
2,2,1,64.54,2,0,1,1,95,38,215,33313
3,3,1,54.23,2,0,2,1,93,23,160,29504
2,2,1,89.26,2,1,1,1,50,36,505,56577
4,4,1,76.42,3,0,2,1,94,27,188,24601
1,1,1,57.4,2,0,2,1,31,25,360,62718
3,3,1,54.21,2,0,1,1,34,23,216,39846
3,3,1,92.66,2,1,3,2,8,29,411,44356
7,7,1,95.58,3,1,2,1,47,31,270,28249
3,3,1,56.38,2,0,2,1,83,32,194,34410
4,4,1,102.21,2,1,1,1,62,36,238,23286
2,2,5,92.23,3,1,3,1,35,32,385,41744
10,10,3,125.61,3,1,1,3,17,11,295,23486
7,7,5,114.27,3,1,2,2,11,14,250,21879
3,3,3,113.04,2,0,3,1,13,10,420,37155
3,3,1,96.4,3,0,2,1,72,8,356,36930
2,2,1,76.55,2,0,1,1,31,8,238,31091
2,2,2,59.03,2,1,1,1,41,33,164,27783
4,4,6,107.87,2,0,2,1,3,4,308,28553
3,3,1,50.99,3,0,1,1,21,25,259,50795
2,2,2,43.57,2,0,2,1,67,4,156,35805
7,7,1,74.85,2,0,2,1,11,26,193,25785
3,3,6,114.09,2,0,1,1,120,9,337,29539
3,3,5,121.05,2,1,1,1,49,11,477,39406
12,12,3,92.89,3,1,3,1,36,23,170,18302
4,4,3,130.97,2,1,3,1,21,9,380,29015
7,7,5,77.41,3,1,2,2,51,28,126.5,16342
5,5,2,55.26,2,0,2,1,32,23,128,23164
2,2,2,51.47,2,1,3,2,68,26,134,26035
6,6,2,57.67,2,0,1,1,4,26,170,29479
8,8,2,33.37,2,0,3,1,31,22,73,21876
1,1,1,83.58,3,1,1,1,16,10,465,55636
11,11,1,83.08,3,1,1,1,7,14,152,18296
2,2,3,150.97,2,1,3,1,77,19,580,38419
5,5,1,80.95,2,1,1,2,148,37,206,25448
3,3,3,128.66,1,1,3,1,71,18,490,38085
2,2,3,143.82,2,1,2,1,70,18,680,47282
7,7,5,106.8,1,1,1,1,26,27,215,20132
1,1,3,208.52,3,1,3,2,106,16,699,33522
5,5,1,91.65,3,1,3,2,33,37,243,26514
3,3,1,55.56,2,0,1,1,10,18,235,42297
5,5,1,87.87,3,0,3,1,58,11,198,22534
5,5,5,107.15,3,0,2,1,78,6,330,30798
7,7,6,116.19,3,1,1,2,117,5,246,21173
4,4,2,60.76,2,0,3,1,25,4,155,25511
10,10,1,78.42,3,0,3,1,63,3,171,21806
10,10,1,78.42,2,1,2,3,78,53,161,20531
3,3,1,59.54,2,0,1,1,52,21,210,35271
2,2,7,47.68,2,0,2,1,24,23,145,30412
2,2,2,50.08,3,0,2,1,129,27,142,28355
6,6,2,61.66,3,1,1,3,10,16,212,34383
5,5,1,90.33,2,0,2,1,4,9,240,26570
6,6,1,80.74,2,0,2,1,105,10,161,19941
4,4,2,51.55,2,0,2,1,24,9,138,26771
7,7,5,97.56,2,0,3,1,10,12,181,18553
3,3,1,69.07,2,0,2,1,143,24,265,38367
1,1,1,64.68,2,1,1,2,91,18,405,62616
3,3,1,57.61,2,0,2,1,22,18,218,37841
3,3,1,54.16,2,0,1,1,82,13,165,30466
1,1,5,49.88,2,1,3,2,15,18,298,59744
8,8,1,66.63,3,1,1,1,52,16,120,18010
6,6,1,86.02,2,0,2,1,25,13,246,28599
3,3,2,59.67,2,0,1,1,21,16,263,44076
3,3,3,110.87,3,0,1,1,94,31,278,25075
2,2,2,38.5,3,0,3,1,15,22,140,36364
8,8,5,74.47,2,0,1,1,0,2,159,21351
4,4,3,140.03,2,1,3,1,79,25,359,25638
7,7,5,93.29,3,1,3,1,27,22,232,24869
5,5,2,65.88,3,1,2,2,121,9,135,20492
3,3,5,82.89,2,0,1,1,47,12,268,32333
4,4,5,103.93,2,1,1,1,19,35,322,30983
3,3,1,91.97,2,0,2,1,26,16,235,25552
4,4,1,64.83,3,0,1,1,29,12,169,26069
3,3,6,82.09,2,0,3,1,4,10,278,33866
6,6,1,63.63,2,0,2,1,13,11,143,22474
11,11,1,71.77,2,1,3,1,1,6,45.5,6340
4,4,1,64.43,2,0,3,1,2,0,185,28714
11,11,6,118.24,2,0,2,1,2,6,139,11756
4,4,1,89.61,3,0,2,1,154,22,198,22096
2,2,3,146.92,3,1,2,1,117,27,680,46284
4,4,1,88.44,3,1,1,1,13,4,315,35618
3,3,1,60.04,2,0,1,1,16,36,215,35810
3,3,1,47.58,2,0,3,1,8,2,145,30475
4,4,2,77.97,2,0,2,1,3,2,198,25395
2,2,1,61.33,3,0,3,1,26,25,200,32611
4,4,1,93.53,3,1,2,1,3,4,283,30258
4,4,5,79.34,3,0,2,1,1,0,210,26469
11,11,1,88.4,3,1,3,1,1,0,115,13010
4,4,5,87.97,2,0,2,1,95,1,215,24441
5,5,2,57.78,3,1,1,2,76,37,127,21980
2,2,1,100.03,2,0,3,1,73,9,270,26992
3,3,3,174.91,3,1,3,1,37,7,495,28301
11,11,5,94.79,1,1,2,1,14,11,137,14454
6,6,3,153.74,2,1,2,1,7,11,530,34474
7,7,5,84.3,2,1,1,1,2,16,298,35350
3,3,8,271.82,2,1,3,1,40,4,620,22810
3,3,2,80.5,3,1,2,1,15,37,310,38510
2,2,2,42.37,2,0,2,1,87,34,120,28322
1,1,2,30.5,2,0,3,1,60,36,148,48525
4,4,1,87.25,2,0,1,1,13,24,287,32894
6,6,1,86.58,3,1,3,1,36,58,280,32341
4,4,1,90.28,2,1,2,1,32,46,299,33120
7,7,1,86.06,1,1,2,1,21,24,179,20800
6,6,5,99.3,2,0,2,1,4,1,255,25680
3,3,1,76.17,2,0,2,1,5,2,255,33478
2,2,2,47.49,2,0,3,1,11,5,125,26322
3,3,1,57.16,3,0,2,1,4,3,153,26767
3,3,1,95.22,2,0,1,1,34,1,430,45159
9,9,5,98.17,2,0,2,1,21,23,245,24957
11,11,6,90.76,2,0,2,1,6,1,130,14324
2,2,1,99.23,2,1,3,1,27,8,235,23683
4,4,5,91.83,2,1,3,1,1,1,296,32234
11,11,3,125.62,3,1,1,1,0,0,240,19106
13,13,5,89.97,3,1,1,3,0,0,125,13894
4,4,6,88.38,2,0,2,1,4,0,198,22404
11,11,5,117.93,3,1,3,1,4,0,620,52574
14,14,3,139.12,3,0,1,1,1,0,580,41691
11,11,1,68.21,3,0,1,1,1,0,190,27856
4,4,2,56.46,2,0,1,1,77,7,166,29402
2,2,1,87.32,3,1,1,2,34,14,362,41457
2,2,2,58.28,3,1,2,1,3,10,239,41009
8,8,1,89,2,1,3,1,5,17,198,22248
4,4,1,79.44,2,0,2,1,56,6,189,23792
10,10,1,87.92,2,0,2,1,26,9,170,19336
2,2,1,93.06,2,0,3,1,21,5,303,32560
3,3,2,67.99,3,0,2,1,12,3,259,38094
4,4,3,93.93,2,1,1,1,9,7,340,36198
11,11,3,95.92,1,1,1,1,61,2,200,20851
3,3,1,62.75,2,0,2,1,35,12,205,32670
2,2,3,130.05,2,0,2,1,17,9,438,33680
4,4,2,38.33,3,0,3,1,0,6,120,31308
5,5,6,86.34,3,0,3,1,80,0,175,20269
6,6,2,55.42,2,0,1,1,8,21,168,30314
4,4,2,39.65,2,0,2,1,10,24,106,26734
5,5,2,34.93,2,0,2,1,6,27,85,24335
6,6,3,144.06,1,1,3,3,130,7,475,32973
2,2,8,196.82,3,0,2,1,176,8,760,38614
1,1,3,161.22,2,1,2,1,67,6,1300,80636
5,5,1,88.51,3,1,3,1,42,19,265,29941
11,11,6,127.9,2,1,1,1,52,14,255,19938
4,4,2,37.19,2,1,2,2,39,25,74,19898
7,7,6,92.61,2,1,3,1,240,28,152,16413
11,11,3,144.82,3,0,2,1,10,6,369,25480
3,3,1,55.89,2,0,1,1,49,30,168,30060
2,2,3,193.36,3,1,2,1,14,0,750,38788
10,10,1,77.46,2,1,3,2,21,29,137,17687
3,3,2,36.93,2,0,1,1,12,26,137,37098
12,12,1,79.11,3,1,3,1,1,0,159,20099
2,2,1,76.04,2,0,2,1,16,17,218,28670
3,3,6,139.6,3,0,3,1,54,32,438,31376
6,6,2,55.17,2,0,2,1,14,27,160,29002
4,4,4,39.41,3,1,3,2,4,28,76,19285
2,2,3,135.34,3,1,2,1,19,29,700,51722
9,9,3,136.47,2,0,1,1,19,16,420,30776
12,12,3,101.6,2,0,2,2,33,8,130,12796
3,3,1,36.82,2,0,1,1,17,6,169,45899
10,10,1,82.9,1,1,1,3,27,37,162,19542
2,2,1,65.3,2,0,3,1,19,9,153,23431
3,3,2,23.64,2,1,3,1,23,8,135,57107
7,7,5,88.22,3,1,3,1,2,22,190,21538
3,3,2,31.85,2,0,2,1,11,12,120,37677
6,6,1,88,2,1,3,1,6,10,245,27841
4,4,2,46.64,2,1,2,2,13,26,100,21441
2,2,8,160.88,2,1,3,1,59,18,635,39471
2,2,1,80.57,3,0,2,1,14,6,320,39718
3,3,3,110.68,3,0,2,1,42,7,330,29816
4,4,3,121.42,3,1,1,1,111,40,360,29650
1,1,5,88.9,2,1,3,2,3,2,500,56243
5,5,2,32.99,2,0,1,1,18,9,85,25766
3,3,1,112.6,2,0,2,1,16,31,335,29752
2,2,1,88.84,3,1,2,1,27,24,239,26903
9,9,2,58,3,1,1,3,6,2,95,16380
3,3,1,55.53,2,0,3,1,0,2,205,36917
11,11,5,91.16,3,1,3,1,1,1,143,15687
3,3,1,52.96,2,0,1,1,5,3,148,27946
7,7,11,272.72,3,1,3,1,19,14,660,24201
4,4,2,78.17,2,1,2,1,16,18,320,40937
10,10,1,61.05,2,0,2,1,12,19,135,22114
2,2,2,53.33,2,0,2,1,261,37,144,27002
2,2,2,74.8,3,1,1,1,9,16,390,52140
2,2,1,69.88,2,0,2,1,109,23,154,22038
8,8,1,78.81,3,1,2,2,6,12,164,20810
11,11,1,99.41,3,1,2,1,8,14,205,20622
3,3,2,50.53,2,1,2,1,31,20,182,36019
4,4,1,75.77,3,0,1,1,16,20,265,34975
4,4,1,58.3,2,0,2,1,11,6,167,28645
5,5,2,48.6,2,0,2,1,78,5,155,31894
3,3,2,72.59,3,1,1,1,50,12,265,36507
3,3,3,130.64,3,1,2,1,100,11,570,43632
6,6,1,64.78,2,0,1,1,22,9,112,17290
3,3,1,68.3,1,0,1,1,36,8,319,46706
2,2,1,70.33,2,0,1,1,108,8,195,27727
3,3,1,64.81,2,0,3,1,48,11,235,36260
11,11,3,130.53,3,1,1,1,19,5,370,28346
6,6,1,68.47,2,0,3,1,94,11,143,20886
2,2,1,54.06,2,0,3,1,38,12,145,26823
4,4,1,67.46,3,0,3,1,16,17,235,34836
7,7,2,57.45,3,1,1,1,181,9,130,22629
2,2,1,64.24,2,0,1,1,92,22,195,30355
1,1,2,55.5,2,1,2,2,23,12,420,75676
4,4,2,60.17,2,0,2,1,76,12,154,25595
1,1,1,63.92,2,0,3,1,242,9,194,30351
7,7,1,88.65,2,1,2,3,32,13,245,27637
1,1,6,139.47,3,1,2,1,47,19,735,52700
3,3,1,64.54,2,0,2,1,74,19,188,29130
8,8,3,125.26,1,0,2,1,21,3,152,12135
7,7,6,90.76,3,1,2,1,50,22,180,19833
7,7,1,63.74,2,0,3,1,120,9,128,20082
2,2,1,64.37,3,1,2,1,50,19,224,34799
2,2,1,87.35,3,1,2,2,28,18,385,44076
4,4,5,86.98,3,1,3,1,48,14,235,27018
4,4,1,92.26,2,1,2,1,24,11,285,30891
2,2,5,80.49,2,0,1,1,30,19,236,29321
7,7,3,115.31,3,0,3,3,233,13,221,19166
7,7,1,89.2,3,1,2,1,12,24,197,22086
7,7,1,91.9,3,1,2,1,20,23,237,25789
1,1,2,68.71,3,1,3,2,77,23,212,30855
4,4,2,57.28,2,1,1,1,23,15,162,28283
3,3,2,37.7,2,0,1,1,30,26,106,28117
12,12,5,90.01,2,0,1,1,6,6,65,7222
3,3,2,37.91,2,0,2,1,1,2,160,42206
4,4,1,93.64,3,1,2,1,18,44,335,35776
7,7,1,75.33,1,1,1,1,72,49,160,21240
6,6,1,88.38,3,1,3,1,53,42,315,35642
9,9,1,73.24,2,0,3,1,13,6,158,21573
7,7,3,141.18,2,0,3,1,4,3,368,26067
9,9,5,92.5,3,0,3,1,9,2,280,30271
14,14,3,109.3,2,0,2,3,0,0,128,11711
14,14,5,90.55,2,0,3,1,0,1,98,10823
10,10,1,68.88,2,0,2,1,1,4,81,11760
3,3,1,74.47,2,0,2,1,77,7,318,42702
4,4,1,92.58,3,0,1,1,27,3,300,32405
2,2,6,70.81,2,0,3,1,182,25,169,23867
5,5,3,108.78,3,0,1,1,14,4,258,23718
11,11,1,56.97,3,0,2,1,4,1,131,22995
2,2,5,83.03,3,1,2,1,4,3,276,33241
2,2,1,72.88,2,0,1,1,4,1,225,30873
3,3,2,32.91,2,0,3,1,5,1,188,57126
10,10,1,69.95,2,0,1,1,1,7,175,25018
2,2,2,53.43,2,0,2,3,0,1,158,29572
3,3,1,108.73,3,1,2,1,8,4,350,32190
11,11,5,70.15,2,1,3,1,2,1,119,16964
6,6,1,94.8,2,1,2,3,175,26,290,30591
3,3,3,96.78,1,1,3,1,26,27,450,46498
2,2,6,72.01,3,1,3,2,24,32,350,48605
2,2,2,48.72,2,0,1,1,66,4,142,29147
3,3,1,57.83,3,0,1,1,74,1,285,49283
1,1,8,164.77,2,1,3,1,20,30,920,55836
4,4,1,75.61,2,0,2,1,46,13,186,24600
8,8,1,92.61,2,0,1,1,2,8,204,22028
4,4,1,91.4,3,1,1,1,10,13,289,31620
7,7,5,91.97,3,1,2,1,9,8,385,41862
7,7,5,104.85,3,1,3,1,5,7,306,29185
9,9,6,89.75,3,1,2,1,20,13,153,17048
3,3,5,99.24,2,0,1,1,65,9,399,40206
3,3,3,141.12,2,0,2,1,69,4,465,32951
5,5,2,61.99,2,0,3,1,18,5,165,26618
4,4,1,60.33,3,1,3,2,57,14,167,27682
7,7,3,90.53,3,1,2,3,49,19,198,21872
7,7,1,98.3,3,1,3,1,68,15,305,31028
2,2,1,57.15,2,0,1,1,49,23,160,27997
2,2,1,80.85,3,1,1,1,13,7,355,43909
7,7,5,98,2,0,1,1,6,5,209,21327
7,7,5,96.42,2,1,1,1,20,1,306,31737
1,1,5,51.51,2,1,3,2,9,26,290,56300
6,6,1,72.05,2,0,1,1,27,26,199,27620
7,7,3,128.61,1,1,2,1,2,3,310,24104
8,8,2,48.3,2,0,1,1,1,0,140,28986
5,5,1,91.97,3,0,3,1,0,0,266,28923
10,10,5,99.94,3,1,3,3,0,0,210,21013
8,8,3,129.89,1,0,2,1,47,3,190,14628
3,3,1,106.48,2,0,3,1,28,2,410,38505
1,1,3,122.81,2,1,3,1,16,6,900,73284
4,4,6,108.9,3,1,3,1,21,10,375,34436
7,7,1,74.1,1,1,2,1,65,15,172,23212
7,7,5,93.29,3,1,2,1,140,18,220,23583
10,10,1,94.46,2,1,2,3,70,22,210,22232
4,4,2,51.71,2,0,2,1,22,12,112,21660
10,10,1,77.36,2,0,3,1,86,13,135,17451
2,2,1,78.52,3,1,2,1,40,20,355,45212
2,2,1,60.7,2,0,3,1,16,13,205,33773
2,2,2,68.03,2,0,2,1,4,0,235,34544
4,4,2,57.72,3,0,2,1,9,0,137,23736
2,2,3,143,1,1,3,2,0,0,160,11189
4,4,1,65.18,2,0,3,1,111,2,211,32372
7,7,3,134.72,1,1,2,1,25,1,403,29914
8,8,1,91.85,3,1,3,3,182,7,90,9799
7,7,1,81.75,3,1,2,2,46,11,130,15903
7,7,5,93.25,1,1,1,1,20,7,195,20912
7,7,5,110.04,1,1,2,1,16,6,240,21811
4,4,3,142.41,2,0,2,1,50,5,490,34408
4,4,6,89.31,3,0,2,1,66,2,285,31912
11,11,3,143.23,2,1,1,1,27,3,350,24437
2,2,3,179.21,2,1,3,1,13,16,630,35155
3,3,3,169.14,2,0,3,1,105,26,338,19984
2,2,1,91.59,3,1,2,2,170,32,240,26204
8,8,1,82.6,3,1,2,1,31,22,160,19371
2,2,5,94.91,2,0,2,1,78,24,260,27395
1,1,8,279.48,3,1,3,2,103,1,1450,51883
3,3,2,34.94,2,0,2,1,39,30,200,57241
3,3,1,122.26,2,1,2,1,92,28,350,28628
10,10,5,95.57,2,1,3,1,46,32,215,22497
5,5,2,54.76,2,0,2,1,66,7,118,21549
2,2,1,53.28,2,0,2,1,66,34,232,43544
1,1,1,27.25,2,0,1,1,49,23,262,96147
5,5,5,87.94,2,0,1,1,51,13,220,25018
3,3,3,142.33,2,1,3,1,24,0,575,40400
2,2,2,44.07,2,0,3,1,22,8,138,31314
2,2,2,40.9,3,0,3,1,17,6,175,42788
10,10,2,53.4,2,0,3,1,114,10,92,17229
3,3,3,126.39,2,0,1,1,79,13,475,37583
5,5,1,79.63,2,0,1,1,5,9,203,25493
2,2,1,84.68,3,1,2,2,127,83,348,41096
4,4,1,67.54,2,0,3,1,1,0,245,36275
10,10,1,87.36,2,0,1,1,1,0,255,29190
2,2,5,107.33,2,0,2,1,1,1,400,37269
5,5,5,48.39,3,0,3,1,0,0,145,29965
14,14,1,64.9,2,0,1,3,0,2,86,13252
2,2,6,80.16,2,0,3,1,12,0,228,28444
14,14,3,87.71,2,0,2,3,1,0,110,12542
4,4,1,81.41,2,0,3,1,4,0,178,21865
3,3,2,64.33,2,0,2,1,2,1,135,20986
9,9,1,84.73,3,1,3,1,42,24,173,20418
3,3,2,56.72,3,0,2,1,33,5,240,42314
11,11,1,48.27,2,0,1,1,1,1,50,10359
8,8,5,91.55,3,1,1,1,4,0,122,13327
4,4,1,56.93,2,0,1,1,1,0,158,27754
9,9,5,102.46,3,1,1,1,5,5,175,17080
12,12,1,86.39,1,1,3,1,1,3,85,9840
8,8,2,51,2,0,3,1,0,0,96,18824
11,11,3,139.24,3,0,3,1,2,0,350,25137
14,14,3,102,2,0,2,1,0,1,126,12353
14,14,3,143,3,1,2,2,0,0,190,13287
2,2,1,90.11,2,0,3,1,19,1,188,20864
8,8,1,86.13,1,1,1,1,124,7,235,27285
8,8,1,88.18,1,1,1,1,26,6,215,24382
11,11,1,108.83,3,1,2,1,49,2,136,12497
4,4,1,90.59,2,1,2,1,37,4,270,29805
1,1,2,68.71,2,1,3,2,11,1,235,34202
3,3,5,99.62,2,1,2,2,50,5,329,33026
8,8,1,94.61,1,1,2,1,10,16,220,23254
11,11,1,67.77,2,0,3,1,62,6,104,15347
4,4,1,92.12,2,1,1,1,16,4,280,30396
5,5,1,64.25,3,0,2,1,15,15,230,35798
11,11,1,62.09,2,0,3,1,8,4,128,20616
9,9,1,90.2,3,1,2,1,14,19,170,18848
2,2,1,88.98,3,1,1,2,74,2,388,43606
7,7,5,93.46,1,1,2,1,5,14,241,25787
7,7,5,92.75,3,1,1,1,7,23,205,22103
2,2,2,47.55,2,0,2,1,2,15,145,30495
11,11,1,117,3,1,2,1,1,17,230,19659
11,11,5,104.37,3,1,1,1,0,6,208,19930
1,1,1,86.82,3,1,2,1,41,28,580,66805
5,5,1,62.02,3,0,3,1,47,34,138,22251
4,4,1,97.94,2,0,3,1,65,13,232,23688
2,2,5,112.36,2,1,3,1,10,7,490,43610
2,2,8,242.12,2,1,2,1,4,5,830,34281
13,13,5,90.73,2,1,2,2,5,5,132,14549
14,14,5,94.16,2,0,2,2,1,10,130,13807
2,2,5,133.3,3,1,3,1,56,12,640,48013
3,3,1,72.96,2,0,2,1,36,2,215,29469
2,2,1,77.1,2,0,3,1,56,3,212,27497
4,4,3,136.43,1,1,2,2,55,20,355,26021
6,6,3,136.95,3,1,3,1,18,21,555,40526
4,4,1,84.84,3,0,1,1,20,3,236,27818
11,11,2,55.5,3,1,1,1,23,3,93,16757
3,3,3,163.46,2,1,1,1,31,21,658,40255
4,4,1,57.29,2,0,3,1,22,4,112,19550
4,4,1,28.53,2,1,2,2,12,15,143,50123
7,7,2,65.85,3,1,2,1,10,4,175,26576
10,10,1,55.35,3,0,2,1,6,5,116,20958
5,5,1,78.56,2,0,2,1,9,2,210,26732
4,4,2,53.83,2,0,3,1,3,2,102,18949
8,8,3,136.93,3,0,1,1,5,0,513,37465
11,11,1,72.84,2,1,3,1,0,0,165,22653
14,14,3,105,3,0,1,2,0,1,160,15239
14,14,6,85.93,2,0,3,3,0,0,94,10940
8,8,8,121.11,2,0,3,1,2,0,260,21469
11,11,6,109.77,2,0,1,1,1,1,130,11843
14,14,5,102,2,0,2,3,0,1,120,11765
14,14,1,101.7,2,0,2,3,0,6,113,11112
11,11,3,164.14,2,1,2,1,2,0,500,30462
13,13,6,99.38,2,0,1,1,0,0,120,12075
13,13,1,87.9,2,0,1,1,1,0,60,6826
13,13,3,103.32,2,0,3,1,1,2,110,10647
14,14,3,98,2,1,2,1,0,1,138,14082
13,13,5,89.22,3,0,3,1,0,0,105,11769
11,11,5,88.04,2,0,2,1,0,0,75,8519
13,13,3,115.7,2,1,2,1,0,0,130,11236
14,14,5,89.82,3,0,1,1,0,2,160,17814
13,13,5,93,2,0,3,1,0,0,120,12904
9,9,3,102.26,2,0,1,1,3,0,420,41072
13,13,5,89.13,2,0,2,1,0,0,110,12342
11,11,1,70.39,2,0,1,1,1,0,69,9803
13,13,3,136.37,2,0,2,1,0,0,120,8800
14,14,5,88.67,3,0,3,3,1,2,101,11391
14,14,1,62.02,3,0,1,1,0,1,90,14512
13,13,6,116,2,0,3,1,0,0,115,9914
3,3,2,44.58,2,0,3,1,1,0,115,25797
11,11,1,73,2,0,3,1,0,0,145,19864
11,11,1,83.28,3,0,3,1,0,0,85,10207
11,11,5,104.24,2,0,2,1,0,0,118,11321
8,8,1,66.63,2,1,2,1,3,0,120,18010
6,6,1,69.52,3,0,3,1,2,0,233,33516
7,7,2,53.69,2,1,3,1,0,0,118,21979
2,2,5,127.89,3,1,1,1,2,0,520,40660
3,3,1,59.76,2,0,3,1,6,0,188,31460
11,11,1,68.51,3,0,2,1,0,0,135,19706
11,11,1,51.11,2,0,2,1,2,4,28,5479
3,3,1,49.39,2,0,3,1,6,1,88,17818
2,2,1,56.1,2,0,1,1,1,0,50,8913
4,4,1,70.31,2,0,1,1,1,0,240,34135
6,6,6,84.04,2,0,2,1,2,1,278,33080
13,13,2,47.68,2,0,1,1,0,0,130,27266
11,11,1,56.66,2,0,2,1,0,0,70,12355
5,5,2,50.1,2,0,1,3,1,1,120,23953
8,8,2,70.78,3,1,2,1,1,0,120,16954
7,7,1,93.98,3,1,3,1,52,11,225,23942
4,4,2,48.92,2,0,1,1,116,12,104,21260
4,4,2,66.92,3,1,2,1,10,11,188,28094
10,10,1,86.98,1,1,1,1,8,13,175,20120
10,10,5,92.45,3,0,2,1,13,19,148,16009
12,12,5,81.2,3,1,3,3,10,27,128,15764
3,3,5,115.79,2,1,1,1,40,3,410,35409
7,7,1,92.09,3,0,1,1,88,2,320,34749
1,1,3,141.69,3,1,3,1,135,3,680,47993
4,4,3,154.92,2,1,3,1,45,6,495,31952
3,3,8,113.42,2,0,3,1,90,2,465,40999
6,6,1,83.17,2,0,2,1,45,6,305,36672
11,11,3,151.41,3,1,1,1,14,14,295,19484
3,3,3,163.35,2,1,1,1,55,0,650,39792
3,3,1,59.74,3,0,3,1,35,2,200,33479
3,3,3,142.88,3,0,3,1,154,1,400,27996
7,7,1,67.05,2,0,3,1,43,9,119,17748
2,2,1,88.98,3,1,2,2,27,31,400,44954
3,3,1,96,3,1,2,1,15,5,290,30209
4,4,2,38.2,3,0,1,1,96,42,96,25131
7,7,1,75.57,3,0,3,1,12,4,152,20114
12,12,1,45.4,2,0,1,1,3,3,120,26432
8,8,2,79.44,1,1,2,3,2,3,149,18757
8,8,9,69.74,3,1,3,1,4,4,160,22943
10,10,1,85,2,0,1,1,2,1,180,21177
11,11,3,90.57,3,1,2,3,6,5,199.8,22061
12,12,5,94.07,1,1,2,1,2,3,143,15202
4,4,3,135.26,1,1,3,1,3,6,330,24398
7,7,2,56.28,2,0,3,1,0,2,137,24343
4,4,1,98.58,2,1,1,3,0,2,285,28911
8,8,5,91.55,3,1,2,1,32,9,123,13436
10,10,1,72.79,2,0,3,1,76,1,135,18547
3,3,1,95.35,3,0,3,1,74,1,245,25695
9,9,1,79.16,2,1,3,1,11,7,169,21350
12,12,3,127.92,3,0,3,1,59,4,205,16026
2,2,1,63.3,2,0,3,1,48,10,163,25751
5,5,2,52.13,2,1,1,2,42,18,106,20334
4,4,2,45.9,2,0,3,1,7,5,109,23748
3,3,1,58.52,2,0,2,1,17,7,165,28196
4,4,3,124.95,3,1,3,1,0,2,438,35055
3,3,3,113.67,2,0,2,1,10,3,430,37829
3,3,5,68,3,0,1,1,1,1,330,48530
4,4,6,99.04,2,0,2,1,16,3,290,29282
5,5,1,88.87,2,1,1,2,5,11,248,27906
4,4,3,124.55,2,1,3,1,19,3,298,23927
4,4,3,112.9,2,0,2,1,4,1,360,31887
5,5,1,80.08,3,0,3,1,3,2,232,28972
4,4,6,150.16,3,1,3,1,10,4,298,19846
11,11,1,100.37,3,1,3,1,16,8,138,13750
7,7,11,247.51,3,1,1,1,7,3,770,31110
3,3,1,60.01,3,0,1,1,6,7,205,34161
2,2,2,64.36,3,0,2,1,26,9,175,27191
4,4,2,55.68,2,0,2,1,160,16,125,22450
2,2,1,79.35,3,1,3,2,159,8,222,27978
1,1,1,51.39,2,0,3,1,67,10,216,42032
9,9,1,87.75,2,1,3,1,35,36,173,19716
3,3,2,45.04,2,0,3,1,27,12,130,28864
1,1,6,66.25,2,0,2,1,16,15,325,49057
2,2,1,85.4,2,0,2,1,25,11,270,31616
3,3,3,111.58,3,0,1,1,69,8,440,39434
1,1,2,57.9,2,1,2,1,46,11,190,32816
3,3,1,60.15,2,0,1,1,88,19,245,40732
12,12,3,122.1,2,1,1,1,17,24,225,18428
4,4,2,54.25,2,0,1,1,1,22,179,32996
7,7,1,74.11,2,1,2,1,22,18,158,21320
2,2,1,88.66,3,1,2,1,14,39,480,54140
2,2,1,77.81,3,0,1,1,17,12,260,33415
2,2,2,47.1,2,0,1,1,12,17,139,29512
1,1,1,128.73,3,1,1,2,9,11,418,32472
1,1,1,78.64,2,1,3,1,6,10,293,37259
2,2,1,56.84,2,0,2,1,13,22,210,36946
5,5,2,66.21,2,1,3,3,3,8,148,22354
1,1,9,20.66,2,0,1,1,8,11,240,116167
10,10,1,62.5,2,0,3,1,43,6,118,18880
7,7,5,88.78,3,1,2,1,30,2,190,21402
7,7,1,88.4,3,1,1,1,18,3,272,30770
11,11,1,86.98,2,1,1,1,28,25,140,16096
1,1,5,68.07,3,1,1,2,21,1,325,47745
11,11,1,89,3,1,2,1,10,7,178,20000
3,3,3,168.62,3,1,3,1,24,4,705,41810
2,2,5,120.06,2,1,3,1,20,34,530,44145
10,10,1,73.89,2,0,2,1,13,10,177,23955
2,2,2,50.84,1,0,2,3,29,64,135,26554
2,2,3,155.35,3,1,3,1,0,1,810,52141
4,4,5,112,2,1,3,1,0,0,319,28483
13,13,5,95.09,2,0,3,1,3,3,100,10517
4,4,1,69.64,2,0,2,1,2,1,165,23694
13,13,3,136.95,2,0,3,1,18,47,92,6718
12,12,3,115.27,2,1,2,1,1,0,180,15616
4,4,3,141.86,2,0,3,1,7,2,388,27351
11,11,1,126.27,3,1,2,1,5,2,396,31362
12,12,3,125.78,3,1,2,3,9,1,85,6758
6,6,5,111.94,3,1,2,1,1,1,450,40201
4,4,1,104.21,2,0,3,1,11,1,245,23511
5,5,1,98,2,0,1,1,1,1,312,31837
4,4,1,78.85,2,0,2,1,4,1,210,26633
5,5,1,96.71,3,1,1,2,6,4,270,27919
4,4,6,91.45,2,0,1,1,16,5,248,27119
2,2,2,41.97,3,0,3,1,7,1,119,28354
3,3,1,52.2,2,0,1,1,6,2,263,50384
7,7,5,110.4,2,0,1,1,3,2,232,21015
11,11,3,115,3,1,2,1,4,2,165,14348
7,7,5,83.17,3,0,1,1,3,1,185,22244
10,10,3,129.75,3,0,2,1,14,1,305,23507
11,11,1,46.27,2,0,2,1,1,1,77,16642
6,6,2,60.79,2,0,2,1,4,1,140,23031
2,2,2,41.46,2,0,3,1,8,4,115,27738
3,3,1,89.91,3,0,1,1,3,1,295,32811
3,3,1,57.91,2,0,2,1,4,1,190,32810
12,12,5,102,2,0,2,1,3,4,226,22157
3,3,1,115.91,2,0,2,1,24,9,450,38824
2,2,8,242.3,2,1,2,1,4,1,920,37970
2,2,2,39.62,3,0,3,1,3,7,152,38365
4,4,2,48.49,2,1,2,2,6,5,99,20417
5,5,2,26.48,2,0,3,1,4,1,84,31723
4,4,1,77.88,1,0,3,1,5,7,165,21187
1,1,3,173.72,2,1,2,1,71,10,910,52384
7,7,5,100.88,3,0,2,1,123,9,193,19132
7,7,1,97.29,3,0,2,1,94,9,199,20455
3,3,2,68.92,3,0,2,2,21,8,165,23941
3,3,3,150.65,3,1,3,1,59,8,542,35978
1,1,2,60.29,3,1,3,2,86,19,242,40140
3,3,3,140.25,3,1,2,1,77,13,485,34582
3,3,3,140.56,2,0,2,1,48,18,660,46956
4,4,1,88.23,2,0,1,1,23,17,263,29809
5,5,1,70.86,2,0,2,1,28,5,165,23286
11,11,5,110.73,1,0,2,1,6,1,220,19869
7,7,6,114.24,2,0,3,1,50,22,138,12080
2,2,1,63.39,2,0,3,1,212,12,188,29658
4,4,2,70.52,2,0,3,1,147,14,175,24816
5,5,2,54.37,3,1,3,1,19,5,146,26854
10,10,1,92.18,2,1,1,1,57,10,189,20504
4,4,1,92.89,2,1,3,1,31,9,295,31758
2,2,1,57.98,2,0,3,1,86,12,186,32081
7,7,4,45.09,3,1,3,1,14,13,102,22622
3,3,1,92.71,2,0,1,3,11,7,385,41528
1,1,1,95.64,3,1,2,1,8,10,580,60645
5,5,3,113.29,3,1,1,1,21,6,323,28511
3,3,1,61.21,2,0,2,1,21,6,220,35942
1,1,2,53.41,2,1,3,2,3,6,395,73957
2,2,1,78.87,3,0,3,1,23,7,215,27261
2,2,6,101.43,3,0,2,1,5,9,345,34014
4,4,1,83.54,2,0,2,1,32,8,180,21547
2,2,1,76,2,0,1,1,20,12,235,30922
8,8,5,82.9,3,1,3,1,509,13,185,22317
2,2,2,39.66,3,0,2,1,238,26,115,28997
12,12,3,132.73,3,1,3,1,29,8,177,13336
6,6,6,113.35,2,0,2,1,25,10,315,27791
7,7,1,87.28,3,1,1,1,183,15,210,24061
2,2,5,118.34,3,0,3,1,15,12,435,36759
10,10,2,68.91,2,0,1,1,29,15,115,16689
2,2,3,179.75,3,1,3,1,31,3,920,51183
8,8,5,82.9,3,1,1,1,63,15,180,21713
2,2,4,51.76,3,1,1,1,14,11,223,43084
2,2,1,86.26,3,1,1,2,36,23,378,43822
10,10,2,77.36,3,1,2,2,16,17,106,13703
10,10,1,77.36,3,1,2,2,13,12,103,13315
7,7,5,87.1,3,1,3,1,78,19,210,24111
5,5,6,125.08,3,1,2,1,15,7,380,30381
1,1,2,50.99,3,1,2,2,6,17,215,42166
2,2,2,37.51,2,0,3,1,30,18,110,29326
5,5,1,67.1,2,0,3,1,3,8,142,21163
3,3,5,113.03,2,1,2,1,6,9,435,38486
7,7,1,63.64,2,1,3,1,2,0,138,21685
4,4,1,73.48,2,0,3,1,4,5,220,29941
3,3,3,182.53,3,1,3,1,6,2,610,33420
4,4,2,56.96,2,0,2,1,1,2,130,22824
4,4,5,93.5,3,1,2,1,1,6,330,35295
8,8,1,73.25,3,1,2,1,78,28,175,23891
3,3,2,32.83,2,0,2,1,15,34,189,57570
1,1,2,59.47,3,1,1,2,11,62,239,40189
3,3,2,34.35,2,0,3,3,19,30,182,52984
3,3,2,54.45,3,1,2,1,31,40,185,33977
2,2,2,57.56,3,0,3,1,41,12,186,32315
11,11,1,71.14,3,1,2,1,6,1,130,18274
7,7,1,75.64,2,0,2,1,32,25,156,20625
2,2,2,61.25,2,1,1,1,8,27,185,30205
4,4,1,59.22,2,0,2,1,15,21,121,20433
10,10,1,67.27,2,0,1,1,3,2,248,36867
4,4,1,78.25,3,0,1,1,5,4,300,38339
8,8,1,88.66,1,1,1,1,11,29,210,23686
11,11,1,100.93,2,1,3,1,15,3,143,14169
11,11,1,53.29,2,0,2,1,0,15,48,9008
11,11,1,61.81,2,0,3,1,4,22,53,8575
11,11,1,94.28,2,0,3,1,2,1,110,11668
5,5,5,100.78,2,0,1,3,0,5,292,28975
7,7,1,60.22,3,0,3,1,16,7,183,30389
5,5,1,87.39,2,1,1,1,4,1,275,31469
3,3,2,37.12,2,0,3,1,12,4,146,39332
6,6,2,58,3,0,2,1,2,1,129,22242
2,2,1,58.23,2,0,2,1,7,1,168,28852
2,2,1,43.59,2,0,1,1,3,1,240,55059
6,6,1,75.15,2,0,1,1,3,4,210,27945
5,5,6,91.54,2,0,3,1,2,2,235,25672
7,7,5,90.27,3,1,2,1,10,4,190,21048
11,11,2,41.63,2,0,2,1,1,2,123,29547
3,3,6,70,2,0,2,1,19,3,210,30000
4,4,2,32.46,3,0,2,1,7,4,137,42206
11,11,2,41.98,2,0,1,1,2,4,70,16675
1,1,5,92.86,3,1,3,2,1,2,520,55999
2,2,6,96.34,2,0,2,1,2,1,325,33735
3,3,2,39.3,3,0,3,1,1,2,143,36387
2,2,1,95.3,2,0,1,1,9,4,368,38615
4,4,1,54.36,2,0,1,1,6,2,136,25019
6,6,2,50.67,2,0,2,1,1,2,138,27236
2,2,5,93.26,2,1,1,1,11,2,288,30882
6,6,1,76.04,2,0,2,1,3,3,226,29722
6,6,3,120.94,2,0,2,3,2,1,280,23152
1,1,1,95.97,2,1,2,1,5,1,443,46161
3,3,1,76.29,2,0,3,1,8,1,210,27527
4,4,1,57.05,2,0,3,1,1,1,115,20158
12,12,2,78.2,2,1,2,3,1,1,108,13811
3,3,2,60.09,3,1,1,1,4,1,212,35281
4,4,2,35.47,2,0,2,1,3,3,135,38061
1,1,1,54.68,3,0,2,1,99,24,278,50842
1,1,2,36.51,3,0,3,1,17,22,270,73953
2,2,1,74.47,2,0,2,1,77,24,223,29945
2,2,3,130.44,3,1,2,1,81,33,660,50598
12,12,1,74.59,2,1,3,1,136,24,105,14077
4,4,1,76.76,2,0,2,1,119,4,200,26056
4,4,1,96.62,2,1,2,1,33,23,272,28152
6,6,1,86.92,3,1,2,1,19,27,310,35665
4,4,1,69.22,2,0,2,1,42,20,159,22971
2,2,5,110.28,2,1,3,1,54,26,450,40806
7,7,3,101.78,2,1,1,1,42,36,191,18766
6,6,1,59.71,1,0,2,1,21,21,140,23447
2,2,1,69.98,2,0,1,1,25,36,235,33582
7,7,8,172.29,3,1,3,1,12,0,420,24378
9,9,1,76.32,1,1,3,3,18,10,125,16379
4,4,1,83.01,3,0,1,1,19,6,220,26503
3,3,5,105.63,3,1,2,1,15,7,485,45915
12,12,1,82.6,2,0,1,1,4,11,246,29783
4,4,1,82.91,2,0,3,1,93,9,203,24485
2,2,2,42,2,0,3,1,108,8,105,25000
3,3,1,59.96,3,0,3,1,37,13,270,45031
3,3,1,56.7,2,0,1,1,35,12,213,37567
4,4,1,94.11,3,0,2,1,15,15,345,36660
11,11,1,86.38,3,1,3,1,9,23,178,20607
11,11,3,146.29,2,1,1,1,6,7,285,19482
1,1,1,55.75,2,0,2,1,13,10,460,82512
6,6,2,42.37,2,0,2,1,10,20,118,27850
7,7,1,93.75,3,1,3,1,7,23,218,23254
10,10,1,87.24,3,1,2,3,7,19,180,20633
2,2,1,83.32,2,0,1,1,9,11,305,36606
2,2,1,52.05,2,0,2,1,4,13,205,39386
4,4,1,72.29,2,0,1,1,20,14,189,26145
2,2,1,73.62,3,0,2,1,98,15,210,28525
4,4,2,48.71,2,0,1,1,23,3,102,20941
4,4,2,53.4,2,0,3,1,5,1,119,22285
2,2,2,64.36,3,1,3,3,10,25,350,54382
4,4,2,60.34,3,0,3,1,2,1,113,18728
2,2,2,48.47,3,0,2,1,12,6,132,27234
11,11,1,63.3,2,0,3,1,1,0,90,14219
9,9,1,86.17,2,1,3,2,0,3,110,12766
5,5,1,62.02,3,0,3,1,1,1,150,24186
2,2,1,63.5,2,0,3,1,1,0,180,28347
8,8,3,129.91,1,0,2,1,22,4,195,15011
3,3,1,97.39,2,0,3,1,10,2,320,32858
8,8,2,66.84,2,1,1,1,14,9,153,22891
11,11,1,89.47,1,1,3,3,5,1,125,13972
11,11,6,77.2,2,0,1,1,5,3,182,23576
4,4,3,141.66,2,0,1,1,11,5,420,29649
3,3,3,144.45,3,1,2,1,4,6,670,46383
6,6,1,82.87,3,1,3,1,10,26,242,29203
2,2,2,53.19,2,0,3,1,43,5,137,25757
11,11,1,90.18,1,0,3,1,15,2,128,14194
3,3,2,36.59,3,0,2,1,11,1,138,37716
8,8,1,78.67,2,0,3,1,24,10,132,16779
3,3,1,62.49,3,0,3,1,76,6,225,36006
9,9,2,54.61,3,1,3,3,21,15,88,16115
3,3,1,58.2,2,0,2,1,17,11,175,30069
3,3,1,69.18,2,0,1,1,23,10,347,50160
7,7,2,47.13,2,0,3,1,9,6,102,21643
10,10,1,62.8,2,0,3,1,74,6,117,18631
13,13,1,88.5,2,0,2,1,4,1,92,10396
11,11,6,124.22,2,0,1,1,1,0,135,10868
4,4,1,86.41,3,0,3,1,0,0,310,35876
11,11,3,136,3,1,3,1,0,0,210,15442
13,13,3,103.66,2,0,3,1,6,4,93,8972
5,5,1,61.37,2,0,2,1,1,1,71,11570
11,11,3,134.97,3,0,3,1,0,0,160,11855
4,4,1,109.75,3,1,2,1,2,0,300,27335
7,7,3,130.21,2,1,1,1,2,5,330,25344
3,3,6,82.09,2,0,3,1,1,0,288,35084
13,13,5,102.88,2,0,2,1,2,1,120,11665
5,5,1,97.6,2,1,3,1,0,0,258,26435
12,12,3,98.32,3,1,2,1,3,1,270,27462
13,13,6,89.46,3,0,1,1,0,0,126,14085
13,13,5,78.68,3,0,2,1,0,0,103,13092
11,11,5,78.31,3,0,3,1,0,0,220,28094
5,5,1,94.83,3,0,2,1,1,0,245,25836
5,5,1,65.88,3,1,3,2,44,2,127,19278
13,13,5,92.99,3,1,2,3,0,1,155,16669
13,13,1,78.4,2,0,3,1,1,0,96,12245
10,10,3,113.64,1,0,3,1,2,0,180,15840
14,14,3,112,3,0,2,1,1,1,156,13929
13,13,6,90.89,3,0,1,1,0,2,110,12103
10,10,3,142.46,2,0,3,1,1,0,257,18041
2,2,3,103.06,2,1,2,3,2,1,130,12615
14,14,3,121.83,1,0,2,1,1,0,155,12723
14,14,3,121.18,3,0,3,1,2,5,106,8748
14,14,3,113.04,3,0,2,3,1,1,145,12828
14,14,1,88,2,1,3,1,1,2,100,11364
13,13,6,99.79,2,0,2,1,2,0,110,11024
5,5,1,92.84,3,0,3,1,3,0,215,23159
12,12,3,129.7,2,0,3,1,2,0,210,16192
9,9,6,107.81,2,0,2,1,8,3,295,27363
11,11,3,124.27,3,0,1,1,1,0,230,18509
13,13,1,87.3,2,1,2,3,1,1,135,15464
3,3,6,84.13,2,0,3,1,8,1,330,39226
13,13,3,140.37,2,0,3,1,0,0,133,9475
4,4,3,132.83,2,1,3,1,1,0,340,25597
11,11,6,103,3,0,2,1,0,4,115,11166
13,13,5,102,1,0,3,1,0,0,120,11765
14,14,3,76.11,3,1,1,1,0,2,92,12088
12,12,5,96.5,3,1,1,1,1,0,195,20208
5,5,3,100.74,2,0,3,1,0,3,115,11416
13,13,5,86.71,2,0,2,1,0,2,100,11533
5,5,5,91.45,3,1,3,2,11,11,240,26244
1,1,6,90.89,2,0,1,2,4,2,505,55562
2,2,2,68.09,2,0,1,1,2,2,210,30842
2,2,2,28.18,2,0,1,1,0,1,140,49681
2,2,1,58.09,2,0,2,1,2,1,245,42176
3,3,2,39.74,2,0,3,1,3,2,142,35733
11,11,1,92.34,2,1,1,1,1,1,217,23501
11,11,5,115.35,3,1,2,1,0,5,245,21240
4,4,1,89.37,2,0,3,1,198,2,195,21820
1,1,1,55.83,3,0,2,1,21,5,273,48899
10,10,1,74.21,2,0,3,1,44,4,157,21157
7,7,6,93.19,1,1,1,1,71,20,187,20067
8,8,6,100.21,3,1,2,1,76,2,259,25846
3,3,2,56.8,2,0,2,1,27,10,260,45775
3,3,1,52.59,3,0,3,1,52,5,195,37080
10,10,1,86.48,2,0,1,1,20,3,155,17924
12,12,5,102.4,1,1,3,3,121,4,210,20508
12,12,5,95.48,2,1,3,1,83,6,123,12883
6,6,7,70.52,2,0,1,1,25,5,154,21838
5,5,2,50.91,3,1,1,1,22,1,150,29464
4,4,1,53.8,3,0,3,1,102,5,118,21934
2,2,1,71.01,2,1,2,2,30,1,365,51402
3,3,1,100.59,3,1,2,1,13,28,430,42748
12,12,3,107.83,1,0,3,1,58,6,169,15673
5,5,2,48.79,2,1,1,2,8,5,115,23571
7,7,2,67.72,1,1,1,1,4,3,139,20526
2,2,6,105.13,3,0,2,1,50,7,320,30439
3,3,2,33.8,2,0,3,1,76,3,112,33137
6,6,2,59.07,2,1,2,3,18,21,209,35382
7,7,6,104.53,3,1,1,1,22,6,239,22865
5,5,1,100.25,3,1,3,1,14,18,220,21946
6,6,1,84.62,2,0,1,1,24,36,345,40771
6,6,2,57.07,2,0,1,1,10,13,135,23656
2,2,3,153.86,3,1,3,1,28,29,785,51021
2,2,1,58.04,2,0,3,1,52,14,149.6,25776
9,9,1,90.34,3,1,3,2,20,19,178,19704
3,3,1,77.82,3,1,2,2,5,8,335,43049
7,7,3,141.24,2,0,2,1,157,26,468,33136
2,2,1,108.07,2,1,2,1,106,44,420,38864
12,12,5,93.53,3,1,3,1,5,0,202,21598
3,3,2,40.79,2,0,1,1,30,50,125,30645
2,2,2,42.37,2,0,2,1,19,25,125,29503
2,2,5,117.59,2,0,1,1,65,10,455,38694
2,2,5,84.5,3,0,3,1,168,9,330,39054
2,2,3,150.75,3,0,2,1,43,9,495,32836
3,3,3,78.41,2,0,2,1,51,8,263,33542
2,2,5,110.86,2,1,3,1,129,10,465,41945
2,2,6,108.35,2,0,3,1,74,6,356,32857
3,3,3,129.03,3,1,2,1,91,13,325,25188
8,8,6,89.05,1,1,1,1,45,35,225,25267
10,10,5,93.3,1,1,3,1,52,14,238,25510
2,2,3,140.37,3,1,3,1,9,14,570,40607
2,2,8,179.85,3,1,2,1,14,14,850,47262
1,1,5,142,3,1,2,2,165,17,630,44367
2,2,1,86.34,2,0,3,1,48,1,260,30114
2,2,1,61.42,2,0,2,1,42,12,181,29470
4,4,5,131.38,3,1,2,1,69,15,490,37297
9,9,1,88.43,3,1,3,3,265,15,110,12440
2,2,5,95.04,2,0,3,1,26,3,275,28936
8,8,1,88.43,3,1,3,3,21,26,119,13457
10,10,3,111.89,2,0,1,1,52,23,330,29494
7,7,1,86.37,3,1,2,1,99,15,265,30682
3,3,3,118.1,1,1,3,1,32,24,503,42592
3,3,1,59.8,2,0,2,1,21,7,208,34783
2,2,6,71.54,2,0,1,1,74,20,270,37742
4,4,1,74.22,2,1,2,2,67,23,156,21019
10,10,6,101.45,1,1,2,1,27,19,205,20207
2,2,6,93.99,2,0,2,1,55,16,300,31919
11,11,3,131.73,2,1,1,1,7,12,250,18979
2,2,6,82.2,2,0,1,1,45,18,205,24940
7,7,3,140.9,3,1,3,1,22,6,385,27325
2,2,3,116.97,2,1,2,1,16,19,605,51723
4,4,1,58.07,2,0,2,1,25,9,125.8,21664
1,1,9,50.42,2,0,1,1,25,4,245,48592
5,5,2,37,2,0,2,1,27,6,96,25946
4,4,6,139.04,3,1,2,1,30,20,485,34883
8,8,3,101.4,2,0,2,1,81,30,130,12821
2,2,6,93.99,2,0,1,1,24,16,330,35111
8,8,1,79.82,3,1,2,1,30,20,108,13531
2,2,1,108.64,3,1,1,1,3,7,580,53388
5,5,1,56.71,2,0,3,1,10,3,120,21161
5,5,2,80.35,3,1,3,2,1,1,208,25887
7,7,5,90.77,2,1,2,1,1,9,188,20712
3,3,1,90.42,2,0,1,1,22,27,325,35944
2,2,1,63.96,2,1,2,1,9,7,190,29707
9,9,1,97.25,1,1,2,1,9,19,175,17995
7,7,1,88.75,3,0,3,1,4,2,194,21860
13,13,6,115.79,2,0,1,1,0,0,145,12523
4,4,5,109.06,2,0,1,1,0,0,375,34385
14,14,3,131,2,0,3,3,0,0,110,8397
2,2,8,223,3,1,1,1,5,0,720,32287
12,12,5,97,3,1,1,1,3,0,196,20207
2,2,3,196,3,1,1,1,1,0,780,39796
2,2,1,90.04,2,0,1,1,7,0,356,39538
12,12,3,130.04,3,1,2,1,1,0,245,18841
2,2,1,65.3,2,0,2,1,2,0,195,29863
10,10,6,95.62,3,1,3,3,1,0,192,20080
13,13,5,85.04,2,0,2,2,0,1,123,14464
6,6,1,92.86,3,0,3,1,2,0,350,37692
9,9,3,124.5,3,1,2,1,3,0,195,15663
13,13,6,102.2,2,0,2,1,0,2,110,10764
8,8,5,94.13,2,0,3,1,0,0,178,18911
4,4,1,60.05,3,0,3,1,1,0,158,26312
4,4,5,86.22,2,0,2,1,0,0,270,31316
4,4,5,98.03,3,1,1,1,3,0,375,38254
4,4,3,100.01,2,0,3,1,4,0,265,26498
3,3,3,152.4,2,0,3,1,5,0,299,19620
11,11,1,71.77,3,0,3,1,1,3,58,8082
11,11,3,141.88,2,0,2,1,1,0,150,10573
9,9,8,140.14,3,1,1,1,0,0,240,17126
3,3,1,69.24,2,0,2,1,4,2,210,30330
3,3,1,81.37,2,0,3,1,0,0,122,14994
13,13,3,109.19,2,0,3,1,0,0,120,10991
3,3,3,131.52,3,1,2,1,1,0,465,35356
4,4,3,112.06,3,1,3,1,0,0,300,26772
5,5,3,152.97,3,1,1,1,2,3,520,33994
8,8,5,89.85,3,1,2,3,1,1,100,11130
6,6,1,64.76,2,0,3,1,2,0,183,28259
4,4,2,40.19,2,0,3,1,1,0,96,23887
3,3,3,129.36,2,0,1,1,0,0,325,25124
10,10,1,87.03,2,0,1,1,0,0,200,22981
2,2,1,56.18,3,0,2,1,5,1,165,29370
8,8,2,42.33,2,0,2,1,2,1,92,21734
5,5,2,64.8,3,1,1,2,4,1,140,21605
5,5,1,83.94,2,0,2,1,4,0,210,25018
10,10,3,136.59,3,0,1,1,0,0,250,18303
10,10,1,48.58,2,0,3,1,2,0,95,19556
9,9,1,94.24,2,1,3,1,0,0,83,8808
6,6,1,98.8,3,1,2,1,1,0,363,36741
10,10,1,110.45,2,0,3,1,1,0,205,18561
5,5,1,89.45,3,0,3,1,2,0,235,26272
9,9,1,84.16,3,1,1,1,3,0,149,17705
4,4,1,54.65,2,0,2,1,0,0,128,23422
4,4,2,47.04,3,0,1,1,1,0,135,28699
3,3,1,85.5,1,1,3,3,0,0,162,18948
11,11,2,40,2,0,1,1,0,0,45,11250
7,7,5,113.47,3,1,2,1,1,0,230,20270
6,6,1,87.72,2,1,1,1,5,0,265,30210
5,5,1,87.86,3,0,3,1,3,0,260,29593
9,9,5,86.62,3,1,3,1,4,1,216,24937
4,4,2,52.46,1,1,2,2,3,0,140,26687
2,2,2,43.7,2,0,3,1,0,0,153,35012
3,3,1,60.81,3,0,3,1,4,1,127,20885
3,3,2,43.93,2,0,2,1,50,18,168,38243
2,2,1,76.22,2,0,3,1,125,2,179,23485
11,11,3,109.19,2,0,3,1,10,1,115,10533
1,1,5,88.9,3,1,3,2,24,6,398,44770
3,3,1,119.42,3,1,3,1,43,6,400,33496
9,9,3,167.88,2,0,3,1,0,0,508,30260
3,3,6,87.64,2,0,2,1,21,8,356,40621
11,11,3,157.02,3,0,2,1,1,2,185,11782
4,4,5,76,3,0,3,1,83,14,212,27895
2,2,3,141.93,2,0,1,1,32,8,442,31143
9,9,2,57.82,2,0,1,1,1,0,165,28537
4,4,3,181.99,3,1,3,1,5,5,750,41212
1,1,3,147.47,3,1,3,1,133,4,700,47468
3,3,3,146.65,3,1,3,1,35,8,610,41596
4,4,1,62.03,2,0,2,1,36,4,155,24988
7,7,6,91.64,3,0,2,1,24,10,178,19424
4,4,2,71.89,2,0,3,1,14,6,116,16136
3,3,3,121.76,3,0,3,1,37,14,400,32852
11,11,2,46.04,2,1,2,1,53,2,76,16508
10,10,2,41.91,2,0,3,1,57,6,89,21236
10,10,2,64.92,2,1,1,1,68,7,126,19409
5,5,6,181.31,2,1,1,2,20,0,372,20518
5,5,1,61.74,2,0,3,1,114,0,158,25592
6,6,3,120.12,3,0,1,3,25,2,90,7493
10,10,2,55.11,1,1,1,1,37,9,109,19779
10,10,1,93.31,2,0,3,1,62,2,198,21220
7,7,1,89,3,1,2,1,18,8,255,28652
13,13,5,89.4,1,1,1,3,43,16,61,6824
5,5,1,75.4,2,0,1,1,15,1,178,23608
6,6,1,85.74,3,1,3,3,83,27,258,30091
7,7,1,95.07,3,0,2,1,3,9,298,31346
5,5,1,77.44,2,0,3,1,43,8,210,27118
4,4,1,98.29,2,1,1,1,18,14,262,26656
4,4,1,104.03,2,0,3,1,9,6,320,30761
4,4,5,92.37,2,0,3,1,12,8,210,22735
2,2,1,57.13,2,0,3,1,19,11,143,25031
8,8,2,71.49,2,1,2,3,8,9,143,20003
3,3,1,76.24,2,0,3,1,10,5,335,43941
2,2,1,77.63,1,1,1,1,8,12,335,43154
9,9,1,87.29,3,1,3,1,21,13,178,20392
12,12,5,80.39,3,1,3,1,2,22,190,23635
1,1,2,31.03,2,1,2,1,5,8,160,51564
2,2,2,21.76,2,0,1,1,2,7,104,47795
10,10,1,57.15,1,0,1,1,29,4,98,17148
2,2,6,107.04,3,0,3,1,93,3,375,35034
7,7,2,57.98,1,1,1,1,3,2,305,52605
6,6,2,67.61,2,0,3,1,75,0,135,19968
3,3,1,65.71,3,0,2,1,168,14,176,26785
8,8,6,107.33,3,0,2,1,93,3,155,14442
2,2,6,95.69,3,0,1,1,30,1,340,35532
3,3,2,46.38,2,0,2,1,71,7,141,30402
7,7,6,90.92,3,1,1,3,52,13,229,25187
8,8,1,87.11,2,1,1,1,20,4,125,14350
3,3,2,38.25,3,1,2,1,181,0,148,38693
11,11,10,150.82,2,0,2,1,32,1,240,15914
5,5,5,114.57,2,0,2,1,11,8,318,27756
4,4,6,73.08,2,0,2,1,33,3,147,20115
2,2,1,56.07,2,0,2,1,55,10,210,37454
7,7,3,101.35,3,1,2,1,40,7,206,20326
4,4,1,70.43,2,1,2,1,7,1,195,27688
6,6,6,143,3,0,2,2,1,1,620,43357
3,3,1,98,3,0,1,1,7,1,395,40307
3,3,6,88.28,2,0,3,1,28,2,210,23788
3,3,6,92,2,0,3,1,3,1,350,38044
2,2,3,189.18,2,1,2,1,9,3,650,34359
7,7,5,94.13,3,1,2,1,7,2,215,22841
2,2,5,127.12,3,0,3,1,3,1,490,38547
3,3,3,129.42,3,1,2,1,7,3,456,35235
3,3,6,107.52,2,0,3,1,5,2,325,30227
4,4,1,82.34,2,0,2,1,48,3,195,23683
2,2,3,144.93,2,1,1,1,2,3,797,54993
5,5,1,79.38,3,0,1,1,8,7,198,24944
6,6,5,70.45,3,0,3,1,8,0,165,23421
11,11,1,88.01,1,1,1,1,22,12,117,13294
3,3,2,54.22,3,1,1,2,7,14,238,43896
4,4,1,90.27,3,1,2,1,55,21,264,29246
3,3,2,49.46,2,1,2,1,71,18,145,29317
2,2,5,97.46,3,0,2,1,75,10,288,29551
4,4,1,51.15,3,0,2,1,412,19,120,23461
3,3,2,53.42,2,1,2,2,20,18,182,34070
1,1,2,37.13,3,0,3,1,42,22,325,87531
3,3,1,49.92,2,1,3,1,49,17,148,29648
2,2,2,41.45,2,0,3,1,45,15,155,37395
2,2,1,56.33,1,0,3,1,26,15,185,32843
4,4,1,81.28,2,1,1,1,53,11,252,31004
9,9,1,72.54,1,1,1,1,67,10,110,15165
3,3,2,59.92,2,1,2,2,16,11,260,43392
3,3,1,89.21,3,1,1,1,53,19,445,49883
7,7,6,90.43,3,1,1,3,60,19,199,22006
9,9,5,97.98,1,1,3,1,28,19,145,14799
8,8,5,82.02,3,1,3,1,100,15,169,20605
13,13,1,91.6,2,0,3,1,2,5,110,12009
2,2,1,76.43,2,0,2,1,7,0,239,31271
1,1,2,60.73,2,1,1,2,3,20,230,37873
4,4,1,63.5,3,0,3,1,2,0,190,29922
3,3,5,93.37,3,0,3,1,15,0,280,29989
13,13,5,88.24,3,0,3,1,6,1,119,13486
5,5,2,48.19,2,0,1,1,3,5,155,32165
1,1,2,29.15,2,0,1,1,2,1,165,56604
11,11,5,86.47,3,1,1,1,0,1,108,12490
5,5,5,102.76,3,0,3,1,3,0,320,31141
4,4,1,86.38,3,1,3,1,15,7,190,21996
2,2,1,91.48,2,1,1,1,5,2,259,28313
11,11,2,38,2,0,2,1,0,0,128,33685
6,6,5,98.81,3,1,1,1,0,0,360,36434
4,4,2,46.38,2,0,2,1,2,0,135,29108
11,11,5,73.48,2,1,3,1,1,1,48,6533
11,11,1,100.04,3,0,1,1,4,0,200,19993
11,11,5,91.6,3,1,1,1,1,0,140,15284
4,4,1,100.63,2,0,2,1,0,0,350,34781
11,11,1,57.83,2,0,2,1,3,2,53,9165
8,8,1,89.41,2,0,2,1,1,0,165,18455
11,11,1,103.49,2,1,3,1,0,0,220,21259
3,3,1,63.43,2,0,3,1,0,1,75,11825
2,2,2,48.24,2,1,3,1,7,0,130,26949
10,10,6,101,3,0,1,1,1,0,225,22278
5,5,1,95.29,2,1,2,1,0,0,269,28230
3,3,2,43.75,2,0,3,1,2,0,149,34058
5,5,2,58.26,2,1,1,1,2,0,133,22829
4,4,1,60.94,2,0,3,1,2,0,165,27076
8,8,1,74.58,3,1,3,3,11,0,129,17297
6,6,1,55.82,2,0,2,1,0,8,52,9316
10,10,2,52,2,0,2,3,1,0,100,19231
5,5,5,107.19,2,0,2,1,1,0,248,23137
14,14,1,64.41,2,0,3,3,2,0,72,11179
4,4,1,72.52,2,0,2,1,6,1,166,22891
5,5,1,49.51,3,0,3,1,1,0,130,26258
4,4,1,73.72,2,0,1,1,0,0,255,34591
2,2,1,60.19,2,0,1,1,1,0,220,36551
4,4,7,78.51,2,0,3,1,2,1,202,25730
11,11,5,103.18,2,0,2,1,1,0,113,10952
11,11,2,74.64,2,0,3,1,1,1,125,16748
2,2,1,118.18,3,0,3,1,1,0,345,29193
5,5,1,50.3,3,0,2,1,1,0,140,27834
5,5,5,71.86,2,0,1,1,0,0,205,28528
11,11,1,63.53,2,0,3,1,0,1,29,4565
13,13,5,89.6,2,1,2,2,0,0,110,12277
7,7,2,41.91,2,0,2,1,0,0,98,23384
11,11,1,62.67,2,0,2,1,2,0,56,8936
11,11,1,94.63,2,1,1,1,0,0,105,11096
9,9,1,86.58,3,1,1,1,5,0,190,21946
2,2,2,40.92,3,0,3,1,1,0,180,43989
4,4,1,109.68,3,1,3,2,2,0,240,21882
3,3,1,62.89,3,0,2,1,16,0,185,29417
3,3,2,73.23,3,1,3,2,5,0,255,34822
3,3,2,37.67,3,0,3,1,3,0,125,33183
11,11,1,76.14,2,0,2,1,3,0,35,4597
10,10,5,98.17,3,1,1,3,9,0,220,22411
3,3,2,57.19,3,0,2,1,4,0,145,25355
10,10,2,59.61,2,0,1,1,1,0,135,22648
6,6,2,51.11,2,0,3,1,4,0,105,20544
4,4,2,54.57,3,0,3,1,5,0,168,30787
3,3,2,54,3,0,3,1,2,0,190,35186
3,3,1,99.19,2,0,2,1,32,4,270,27221
2,2,1,115.17,3,1,3,2,24,2,350,30390
4,4,1,59.59,3,1,3,2,35,0,129,21648
3,3,1,62.52,2,0,1,1,17,8,189,30231
6,6,2,48,2,1,2,1,8,7,125,26042
3,3,9,55.97,3,0,2,1,34,2,209,37342
3,3,1,56.68,2,0,2,1,103,4,190,33522
3,3,1,67.73,3,0,1,1,39,7,268,39569
4,4,1,105.31,2,0,3,1,19,8,220,20891
3,3,5,95.7,3,0,2,1,30,16,359,37514
2,2,3,136.13,3,1,3,1,36,8,580,42607
12,12,3,93.82,2,1,1,2,54,6,225,23983
3,3,2,40.24,3,0,3,1,36,14,129,32058
2,2,1,92.61,2,1,2,1,4,9,385,41573
5,5,1,84.54,3,0,3,1,98,13,171,20228
6,6,1,63.56,2,1,3,2,25,18,167,26275
1,1,3,113.96,3,1,3,1,8,11,320,28081
3,3,8,162.1,3,1,3,1,27,8,560,34547
3,3,1,37.21,2,0,2,1,6,16,195,52406
3,3,6,101.84,3,0,3,1,60,8,338,33190
4,4,2,73.47,2,1,3,1,21,3,228,31034
4,4,8,204.5,3,0,1,1,15,2,760,37164
4,4,1,83.75,2,0,1,1,10,4,225,26866
2,2,10,251.28,3,1,1,1,7,4,850,33827
4,4,5,93.21,2,1,3,1,4,2,190,20385
2,2,3,170.73,2,1,3,1,2,1,480,28115
5,5,5,83.69,2,0,1,1,0,10,251,29992
5,5,1,95.18,1,1,1,2,10,2,350,36773
11,11,1,65.53,2,0,3,1,12,5,29.5,4502
11,11,3,105.95,2,0,3,1,30,1,88,8306
11,11,1,150.03,2,0,3,1,2,1,135,8999
5,5,5,81.1,2,0,1,1,1,0,130,16030
11,11,3,165.67,2,0,3,1,2,1,130,7847
11,11,3,149.94,1,0,3,1,4,1,130,8671
11,11,1,77.58,2,0,1,1,1,2,75,9668
14,14,3,97.39,2,0,3,1,7,1,88,9036
11,11,1,66.24,3,1,2,3,16,4,36,5435
12,12,3,110.85,2,0,3,1,2,1,82,7398
11,11,5,80.66,2,0,2,1,3,2,55,6819
11,11,6,76.84,2,0,2,1,0,3,102,13275
14,14,3,108.93,2,0,2,2,0,1,155,14230
14,14,5,99.99,1,1,3,1,4,16,140,14002
14,14,3,121.18,2,0,2,1,0,6,128,10563
11,11,1,89.99,2,0,1,1,5,3,97,10779
3,3,1,72,2,0,1,3,46,34,265,36806
2,2,1,80.19,2,0,3,1,303,1,195,24318
5,5,2,44.93,2,0,2,1,22,1,150,33386
5,5,5,112.16,3,0,3,1,52,6,258,23003
10,10,2,54.08,2,0,2,1,10,4,100,18492
3,3,1,98.58,3,0,3,3,56,1,332,33679
3,3,6,79.1,2,0,2,1,72,15,278,35146
7,7,6,116.2,3,1,3,1,122,6,460,39587
4,4,3,191.43,3,1,1,1,19,14,780,40746
10,10,1,86.18,2,0,2,1,14,8,174,20191
1,1,2,38.84,2,0,3,1,9,3,315,81102
4,4,6,100.36,2,0,1,1,28,16,325,32384
11,11,1,108.99,3,1,3,1,44,1,128,11745
11,11,2,51.27,3,1,3,3,4,6,84,16384
7,7,5,103.65,3,1,3,1,10,16,310,29909
8,8,3,93.21,3,1,1,1,11,2,265,28431
7,7,1,89.65,3,1,1,1,8,2,260,29002
3,3,1,54.74,2,0,2,1,12,2,335,61199
2,2,2,76.5,3,1,3,1,11,2,240,31373
2,2,2,43.84,3,0,3,1,22,2,135,30794
4,4,2,58.74,2,1,1,1,1,6,102,17365
4,4,1,67.13,1,0,1,1,4,3,155,23090
5,5,3,134.56,3,1,2,1,3,1,500,37159
5,5,1,57.37,3,0,3,1,6,4,126,21963
12,12,3,112.84,3,1,3,1,6,7,230,20383
3,3,1,56.38,2,0,1,1,9,6,209,37070
7,7,5,92.59,3,0,3,1,4,1,268,28945
4,4,6,73.86,3,0,3,1,10,5,255,34525
12,12,1,94.49,3,1,2,3,1,1,230,24342
3,3,1,74.3,3,0,1,1,7,4,345,46434
11,11,1,85.37,3,0,1,1,1,1,160,18742
2,2,1,77.9,2,0,1,1,14,5,238,30552
3,3,1,63.65,2,0,2,1,10,4,167,26238
3,3,1,56.53,3,0,2,1,17,3,168,29719
11,11,1,68.88,2,1,2,3,3,2,118,17132
4,4,1,54.88,3,0,1,1,9,4,145,26422
6,6,2,47.61,3,1,1,1,4,3,156,32767
10,10,6,98.44,3,1,2,3,5,2,228,23162
4,4,1,58.19,2,0,3,1,1,2,132,22685
2,2,6,105.13,2,0,3,1,26,3,258,24542
2,2,1,59.27,2,0,3,1,6,1,195,32901
11,11,1,88.3,2,1,3,3,1,1,175,19819
2,2,1,59.89,3,0,2,1,23,4,165,27551
10,10,2,47.8,2,0,3,1,1,1,102,21339
5,5,1,52.45,2,0,2,1,3,3,175,33366
2,2,1,56.76,2,0,3,1,6,4,166,29246
6,6,5,116.01,2,0,2,1,2,1,380,32756
10,10,1,79.69,3,0,1,1,1,2,185,23215
4,4,1,56.06,2,0,2,1,3,2,155,27649
2,2,1,71.91,2,0,3,1,10,2,210,29204
10,10,1,108.06,2,0,1,1,1,5,230,21285
2,2,2,54.17,2,0,3,1,5,1,135,24922
3,3,1,61,3,0,3,1,47,1,148,24263
11,11,1,102.66,3,1,3,1,2,2,180,17534
3,3,1,59.65,3,1,2,1,18,4,240,40235
3,3,1,69.35,2,0,2,1,4,4,195,28119
7,7,1,76,3,1,2,1,4,5,152,20000
11,11,2,36.1,3,0,3,1,1,4,77,21330
11,11,2,80.37,3,1,3,1,2,1,137,17047
10,10,1,67.42,3,0,3,1,7,13,170,25216
10,10,2,56.69,2,0,1,1,4,6,130,22932
3,3,1,60.12,3,0,2,1,5,3,190,31604
2,2,1,98.31,2,0,2,1,13,5,308,31330
3,3,1,67.24,3,0,2,1,27,3,238,35396
5,5,1,96.52,3,0,3,1,3,2,205,21240
2,2,1,76.47,2,0,3,3,5,1,209,27331
11,11,1,79.97,3,1,3,1,1,1,135,16882
4,4,1,103.7,2,0,1,1,0,5,430,41466
11,11,6,92.15,1,1,1,1,0,12,103,11178
11,11,5,110.98,3,1,3,1,1,1,207,18653
11,11,1,115.67,2,0,3,1,0,0,125,10807
7,7,3,71.36,2,0,1,1,0,0,72,10090
11,11,1,82.21,2,1,3,1,2,0,122,14841
9,9,1,90.22,2,0,1,1,3,0,330,36578
11,11,1,74.12,3,0,2,1,1,7,78,10524
11,11,1,60,2,0,3,1,4,0,85,14167
6,6,6,89.85,2,0,3,1,1,2,180,20034
10,10,1,60.93,2,0,3,1,0,1,48,7878
12,12,1,76.69,3,1,2,2,3,0,110,14344
12,12,1,68.77,2,0,2,1,4,0,185,26902
3,3,2,23.16,2,0,3,1,9,0,145,62608
7,7,5,88.67,3,1,2,1,80,10,228,25714
9,9,5,107.56,2,0,3,1,22,17,255,23708
12,12,1,97.1,3,1,1,2,36,10,150,15448
10,10,1,78.67,1,0,3,1,110,5,119,15127
4,4,1,101.61,3,1,1,2,92,11,320,31493
3,3,1,104.13,1,0,3,1,22,4,370,35533
10,10,1,90.95,2,1,1,1,11,15,152,16713
4,4,2,67.44,3,1,3,2,179,9,114,16904
4,4,1,76.75,3,1,2,2,21,5,218,28404
6,6,1,62.91,2,1,3,2,17,10,170,27023
4,4,8,133.95,2,0,3,1,24,2,218,16275
8,8,1,93.42,1,1,3,1,92,6,108,11561
8,8,3,166.85,3,1,2,1,27,5,835,50045
7,7,3,116.47,3,0,2,1,10,3,316,27132
2,2,6,165.77,2,1,2,1,8,2,750,45244
2,2,3,140.28,2,0,1,1,20,20,620,44198
3,3,2,51.24,3,0,2,1,24,5,223,43521
7,7,1,100.28,3,0,2,1,9,12,215,21440
8,8,1,87.11,3,1,2,1,26,8,123,14121
6,6,1,73.51,2,0,2,1,20,9,230,31289
3,3,1,52.24,3,0,2,1,74,25,142,27183
2,2,5,111.6,3,0,3,1,12,22,436,39069
3,3,1,63.51,3,0,3,1,17,8,179,28185
1,1,1,59.66,2,0,2,1,6,11,310,51962
3,3,6,76.54,2,0,2,1,163,9,246,32141
8,8,5,91.6,3,1,1,1,143,6,116,12664
4,4,5,87.38,3,0,3,1,46,2,259,29641
7,7,5,90.08,3,0,2,1,47,14,195,21648
9,9,1,89.09,3,1,2,2,18,14,188,21103
2,2,3,120,2,0,2,1,49,20,300,25000
3,3,3,135.08,3,1,2,1,37,22,480,35535
7,7,8,256.55,2,1,3,1,49,15,620,24167
3,3,1,65.71,2,0,3,1,88,0,156,23741
4,4,2,57.72,2,0,3,1,38,5,120,20791
2,2,1,59.22,2,0,1,1,48,39,154,26005
10,10,1,77.36,2,1,3,2,198,45,101,13056
4,4,1,74.07,2,0,3,1,29,1,155,20927
2,2,2,44.48,3,0,3,1,23,0,145,32599
4,4,1,60.05,2,0,3,1,16,4,135,22482
4,4,5,112.9,2,0,3,1,23,4,243,21524
2,2,2,54.93,3,0,3,1,10,2,161,29311
4,4,2,37.69,2,0,2,1,5,31,95,25206
8,8,5,90.64,1,1,2,1,14,27,196,21625
2,2,7,60.04,3,0,2,1,2,1,203,33811
7,7,1,90.61,3,1,2,1,25,44,192,21190
4,4,2,41.51,2,0,3,1,24,32,84,20237
4,4,1,93.95,2,1,2,1,4,20,280,29804
6,6,5,111.34,3,0,2,1,27,4,265,23801
6,6,1,100.63,2,1,3,1,11,3,280,27825
11,11,1,60.05,2,0,3,1,1,35,45,7494
13,13,5,89.99,1,1,1,1,5,14,62,6890
4,4,1,99.38,2,1,1,1,5,1,360,36225
1,1,1,66.07,2,0,1,1,5,1,425,64326
2,2,1,76.95,2,0,1,1,7,2,270,35088
5,5,2,69.56,2,1,1,3,2,2,204,29328
5,5,1,82.12,2,0,2,1,2,2,278,33853
11,11,2,36.57,2,0,1,1,2,3,125,34182
2,2,1,80.91,3,0,3,1,0,4,305,37697
8,8,1,94.13,3,0,3,1,4,3,120,12749
4,4,1,90.52,3,0,1,1,5,3,315,34799
2,2,2,72.64,2,1,1,1,9,3,300,41300
5,5,1,82.24,3,1,2,2,2,1,220,26751
4,4,1,104.88,3,1,3,1,2,2,370,35279
4,4,5,105.8,2,1,2,1,6,5,490,46314
3,3,2,35.44,3,0,1,1,1,3,133,37529
11,11,1,98,3,1,1,1,0,1,360,36735
5,5,2,39.45,2,0,3,1,1,2,95,24082
3,3,1,56.13,3,0,1,1,5,2,210,37414
4,4,2,40.74,2,0,3,1,0,1,126,30928
10,10,1,80.93,2,0,2,1,1,1,160,19771
11,11,3,147.63,3,1,1,1,21,1,605,40981
4,4,1,88.35,3,1,3,1,70,0,256,28976
3,3,5,103.77,3,1,1,1,45,8,339,32669
6,6,1,71.5,2,0,2,1,101,7,185,25875
3,3,1,80.21,3,0,3,1,43,1,182,22691
6,6,1,104.26,3,0,2,1,26,3,340,32611
3,3,1,61.53,3,0,3,1,40,6,195,31692
11,11,3,118,3,1,2,1,2,5,170,14407
8,8,3,137.59,3,1,2,1,3,8,174,12647
9,9,1,89.81,3,0,3,1,1,19,300,33404
7,7,1,121.53,3,1,2,1,8,2,280,23040
2,2,1,143.41,2,1,2,1,1,4,430,29984
3,3,2,41.18,2,0,3,1,6,8,139,33755
8,8,1,32.43,2,0,1,1,3,0,175,53963
3,3,1,69.2,2,0,3,1,1,0,205,29625
5,5,1,63,3,0,3,1,1,0,130,20635
2,2,5,92.44,3,1,3,1,3,0,125,13523
5,5,7,65.88,3,1,2,2,9,0,138,20948
4,4,6,54.29,2,0,3,1,0,0,125,23025
4,4,6,20.9,3,1,1,2,1,0,245,117225
14,14,5,87.5,2,0,3,1,0,0,105,12000
5,5,6,75.8,2,0,1,1,1,0,240,31663
2,2,5,115.19,3,1,2,1,3,0,550,47748
4,4,6,50.79,2,0,2,1,1,0,130,25596
4,4,1,46.47,3,1,1,2,102,9,124,26684
6,6,1,90.18,3,1,1,1,9,5,339,37592
4,4,1,73.43,2,0,2,1,101,9,260,35408
12,12,6,101.97,3,1,1,1,45,20,153,15005
2,2,1,94.76,3,0,1,1,38,11,350,36936
2,2,1,61,3,0,2,1,15,17,175.5,28771
2,2,1,97.1,2,1,2,2,5,15,430,44285
1,1,1,54.39,3,0,2,1,31,15,245,45046
7,7,1,81.67,2,1,1,1,13,19,180,22040
1,1,7,72.67,3,1,3,1,6,24,415,57108
8,8,1,86.86,3,1,2,1,9,18,108,12434
4,4,1,86,2,0,1,1,18,17,215,25000
1,1,5,93.18,3,1,3,1,1,16,560,60099
3,3,1,116.83,3,1,1,1,10,9,337,28846
7,7,3,129.35,3,0,2,1,6,6,330,25513
11,11,6,93.4,2,0,3,1,0,7,150,16060
4,4,1,116.12,2,1,2,1,1,13,335,28850
1,1,3,134.88,2,1,2,1,7,10,750,55605
11,11,6,150.82,2,1,1,1,8,10,375,24865
1,1,1,76.43,2,1,3,1,11,12,285,37290
2,2,1,102.4,2,1,3,1,5,20,322,31446
3,3,1,40.52,2,0,2,1,17,15,199,49112
3,3,1,58.57,2,0,3,1,9,0,190,32440
12,12,5,129.51,1,1,2,3,1,2,218,16833
3,3,1,60.15,2,0,3,1,32,2,198,32918
2,2,2,48.85,2,0,3,1,2,2,125,25589
12,12,3,116.09,3,1,2,1,13,10,170,14644
10,10,1,64.06,2,0,2,1,22,5,115,17952
8,8,1,79.3,2,1,3,1,29,6,186,23456
4,4,1,45.58,2,0,2,1,9,4,135,29619
11,11,5,101.97,2,1,3,1,6,2,168,16476
3,3,1,68.29,2,0,2,1,4,4,145,21233
5,5,1,86.3,3,1,1,1,27,6,252,29201
1,1,6,79.89,1,0,3,1,25,5,296,37051
6,6,1,89.58,3,1,3,1,73,14,305,34048
2,2,1,98.64,2,0,3,1,16,2,312,31631
7,7,5,99.61,1,1,3,1,49,5,300,30118
11,11,1,94.41,3,1,1,1,12,3,190,20125
3,3,1,56.26,2,0,3,1,22,7,158,28084
12,12,3,142.07,1,0,2,1,10,2,280,19709
6,6,1,85.51,3,0,3,1,23,21,285,33330
7,7,3,189.91,1,1,2,1,13,0,685,36070
7,7,1,79.92,3,0,3,1,74,5,143,17893
1,1,1,59.14,2,0,3,1,7,3,550,93000
4,4,1,75.62,3,0,3,1,31,3,185,24465
14,14,2,62.3,1,1,3,1,9,10,138,22151
4,4,1,67.06,2,0,3,1,60,9,145,21623
5,5,2,61.47,2,1,2,2,85,38,135,21962
4,4,1,62.82,2,0,3,1,7,5,139,22127
4,4,1,70.66,2,0,3,1,11,8,138,19531
7,7,5,105.78,2,0,2,1,8,8,228,21555
2,2,1,54.97,2,0,1,1,39,11,161,29289
7,7,1,85.68,2,0,1,1,11,8,182,21242
2,2,1,58.66,2,0,3,1,16,6,162,27617
7,7,1,67.4,3,1,3,3,12,9,253,37538
5,5,3,142.12,3,1,1,1,29,15,495,34830
3,3,1,50.77,3,0,1,1,9,5,248,48848
5,5,6,73.34,2,0,3,1,5,1,165,22498
4,4,8,122.41,2,0,3,1,7,2,316,25815
4,4,3,111.67,2,0,3,1,1,0,109,9761
4,4,3,111.41,2,0,2,1,0,0,132,11849
11,11,3,150.27,3,0,2,1,3,2,330,21961
3,3,8,208.98,3,0,2,1,7,0,599,28664
3,3,5,123.64,2,0,3,1,5,1,320,25882
13,13,1,96.63,2,0,3,1,0,0,130,13454
13,13,6,113,2,0,2,1,4,5,133,11770
6,6,5,82.46,3,0,1,1,1,0,230,27893
14,14,3,120.37,2,0,2,1,1,3,154,12794
4,4,5,117.7,3,1,2,1,0,0,450,38233
13,13,5,92.31,2,0,2,1,0,2,108,11700
6,6,3,106.69,3,0,2,1,3,0,360,33743
4,4,1,52.69,3,0,1,1,3,0,150,28469
14,14,6,101.39,2,0,3,1,0,0,115,11343
4,4,1,76.73,3,1,1,2,21,2,218,28412
8,8,1,97,2,0,1,1,2,0,240,24743
3,3,3,182.15,3,1,2,1,4,0,950,52155
13,13,3,114.58,2,0,3,1,0,1,150,13092
13,13,3,109.2,2,0,3,1,1,1,95,8700
11,11,5,107.28,2,0,2,1,1,0,350,32625
10,10,3,122.49,3,0,2,1,0,0,175,14287
13,13,3,102.36,2,0,3,1,1,1,115,11235
2,2,3,157.64,3,0,3,1,4,0,350,22203
13,13,1,82.84,3,0,3,1,0,0,106,12796
13,13,5,96.58,2,0,3,1,1,1,105,10872
7,7,1,96.8,2,0,3,1,0,0,185,19112
4,4,1,39.32,2,0,3,1,3,0,95,24161
13,13,5,92.99,3,1,2,3,3,6,120,12905
14,14,3,107,2,0,3,1,0,0,118,11029
4,4,5,103.8,2,0,3,1,0,0,260,25049
5,5,3,122.86,3,0,2,1,14,2,310,25232
2,2,5,93.38,2,0,2,1,5,0,280,29986
12,12,3,115.27,3,1,2,1,6,1,175,15182
3,3,1,85.2,3,0,1,1,2,0,400,46949
14,14,5,97,3,0,3,3,0,0,128,13196
2,2,1,84.95,2,0,3,1,2,0,210,24721
14,14,3,103.07,2,0,2,3,2,3,140,13584
5,5,5,111.7,3,1,3,1,1,2,330,29544
13,13,5,92,2,0,2,1,0,1,110,11957
13,13,1,92.82,2,0,1,3,0,0,166,17885
13,13,1,73.84,2,0,3,1,0,0,96,13002
4,4,10,129.89,2,0,3,1,3,0,365,28101
4,4,11,166.98,2,0,3,1,4,1,350,20961
13,13,1,92.79,2,1,2,2,0,1,116,12502
1,1,5,131.55,3,1,3,2,2,0,688,52300
11,11,3,126.14,2,1,1,1,1,0,140,11099
13,13,5,96.91,3,0,3,1,1,0,131,13518
8,8,3,145,3,1,1,1,2,1,230,15863
11,11,3,134.56,3,1,1,1,3,1,180,13377
4,4,3,131,3,0,2,1,3,1,380,29008
13,13,3,115.5,3,1,2,1,0,2,210,18182
14,14,2,46.26,2,1,2,1,1,1,120,25941
2,2,1,65.53,3,0,1,1,1,4,188,28690
8,8,6,94.37,2,1,1,1,14,3,141,14942
4,4,2,54,2,1,2,1,1,3,153,28334
3,3,1,63.08,3,0,2,1,84,7,155,24572
3,3,10,228.8,2,1,3,1,36,2,620,27098
1,1,3,176.12,2,1,1,1,71,0,699,39689
11,11,3,111.88,3,1,3,1,8,8,212,18949
2,2,3,151.7,3,1,3,1,85,20,715,47133
7,7,3,125.18,1,0,2,1,11,11,360,28759
6,6,1,49.01,3,0,3,1,21,7,124,25301
5,5,1,91.31,1,1,2,1,11,19,270,29570
4,4,2,59.47,2,1,2,1,7,23,170,28586
5,5,3,141.88,3,1,3,2,6,0,335,23612
5,5,2,44.24,2,0,3,1,5,0,95,21474
11,11,5,94.51,2,0,2,1,2,1,73,7725
4,4,2,42.37,3,0,1,1,5,2,112,26434
10,10,1,97.53,2,1,1,3,9,1,246,25224
5,5,1,58.92,2,1,2,1,8,4,180,30550
2,2,2,46.11,3,0,2,1,7,2,127,27543
10,10,2,62.97,3,1,3,1,2,1,135,21439
10,10,2,65.75,3,1,1,1,10,1,140,21293
7,7,6,120.8,3,0,1,1,34,5,358,29636
11,11,3,141.47,2,0,2,1,88,7,259,18308
4,4,6,130.97,2,1,3,1,74,7,375,28633
11,11,6,126.36,1,1,1,1,16,7,230,18202
7,7,3,115.62,1,0,3,1,160,10,215,18596
1,1,6,143.34,3,1,2,1,48,6,760,53021
2,2,6,77.53,2,0,2,1,59,6,254,32762
3,3,5,90.07,1,1,1,1,56,10,335,37194
6,6,1,72.24,1,0,3,1,31,7,155,21457
7,7,3,127,2,1,2,1,142,6,427,33623
2,2,1,67.07,2,1,3,1,119,25,334,49799
8,8,2,37.94,2,0,3,1,33,17,80,21086
10,10,2,51.23,2,0,2,1,50,23,95,18544
7,7,5,87.9,2,1,3,1,26,26,193,21957
1,1,2,66.25,3,1,3,2,82,25,165,24906
7,7,6,131.84,1,1,3,1,34,7,385,29203
2,2,1,57.46,3,0,2,1,127,9,192,33415
12,12,4,58.93,3,1,1,1,39,30,126,21382
11,11,3,127.9,2,1,1,1,51,12,270,21111
1,1,2,32.18,2,0,2,1,26,24,266,82661
4,4,3,135.88,1,1,1,1,32,9,365,26862
11,11,5,109.74,3,1,3,1,17,8,249,22690
7,7,1,93.45,3,0,3,1,32,5,120,12842
10,10,2,60.73,2,1,1,2,9,29,205,33756
3,3,3,148.39,1,0,1,1,19,15,650,43804
8,8,1,88.61,3,1,3,1,62,29,210,23700
7,7,2,47.8,3,1,2,1,28,32,133,27825
3,3,2,47.59,2,0,1,1,27,23,218,45808
4,4,2,64.89,3,1,2,1,7,5,182,28048
5,5,3,93,1,1,3,1,13,16,275,29570
2,2,3,172.78,3,1,3,1,3,10,460,26624
1,1,1,47.05,2,1,1,2,54,0,295,62700
5,5,1,78.25,2,1,1,3,303,9,163,20831
10,10,3,109.24,3,0,2,1,62,0,256,23435
2,2,5,70.49,2,0,3,1,46,0,199,28231
6,6,1,84.14,2,0,2,1,18,9,165,19611
4,4,8,163.96,3,1,2,1,6,2,430,26226
3,3,3,153.23,3,0,1,1,23,2,620,40463
5,5,5,97.56,2,1,1,2,79,5,258,26446
3,3,3,133.43,2,0,2,1,46,6,530,39722
2,2,6,97.53,2,0,1,1,15,4,370,37938
5,5,2,68.4,3,0,3,1,33,4,170,24854
11,11,3,129.63,3,1,2,1,13,0,266,20520
6,6,1,74.14,2,0,2,1,31,4,175,23604
3,3,2,55.97,2,0,2,1,34,15,138,24657
2,2,1,40.46,2,0,1,1,7,9,150,37074
4,4,1,97.37,2,0,2,1,8,9,278,28551
7,7,1,93.75,1,1,2,1,0,13,220,23467
8,8,1,91.8,3,1,2,3,9,10,122,13290
7,7,2,57.9,3,1,2,1,2,12,155,26771
4,4,1,56.48,2,0,1,1,1,9,165,29214
10,10,1,84.87,3,1,1,1,39,38,177,20856
10,10,1,98.01,3,0,2,1,11,14,170,17346
2,2,2,27.71,2,0,2,1,18,8,99,35728
1,1,1,53.7,2,0,3,1,1,9,368,68529
11,11,1,96.73,2,1,3,1,4,8,135,13957
3,3,1,60.12,2,0,2,1,23,12,180,29941
10,10,1,86.74,3,1,3,1,3,10,175,20176
4,4,1,60.9,2,0,1,1,3,5,185,30378
1,1,1,54.01,2,0,1,1,9,24,245,45362
2,2,1,82.15,2,1,2,1,4,7,240,29215
4,4,3,146.29,3,1,3,2,233,15,359,24541
1,1,4,58.69,3,1,2,2,64,13,202,34419
6,6,5,99,3,0,2,1,28,10,326,32930
9,9,3,125.43,2,0,3,1,131,9,110,8770
13,13,3,102.69,2,0,3,1,10,0,105,10225
9,9,3,145.77,3,1,1,1,2,0,170,11663
8,8,3,128.76,3,0,2,1,6,0,235,18252
4,4,6,107.77,2,0,2,1,66,3,295,27374
14,14,5,95.54,3,1,2,1,19,2,245,25644
11,11,5,96.11,2,0,2,1,13,6,180,18729
2,2,1,83.57,3,0,3,1,59,5,215,25727
6,6,1,86.72,3,0,2,1,37,6,230,26523
13,13,3,123.41,2,0,1,1,4,3,115,9319
1,1,1,72.44,3,1,1,1,39,8,283,39067
2,2,1,95.79,3,1,2,1,43,13,400,41759
4,4,11,157.62,2,0,3,1,0,0,330,20937
12,12,3,117,1,1,3,1,4,3,164,14018
1,1,2,47.39,2,0,2,1,2,0,245,51699
14,14,8,142.84,3,0,2,1,0,0,188,13162
6,6,1,69.48,1,0,2,1,2,0,150,21589
4,4,5,106.92,3,0,1,1,3,2,349,32642
3,3,5,91.12,3,0,2,1,2,2,480,52678
4,4,5,93.5,3,1,2,1,0,2,335,35829
1,1,3,163,2,0,1,1,10,1,660,40491
3,3,3,166.7,3,1,3,1,3,4,565,33894
11,11,1,79.66,3,0,3,1,2,2,251,31509
4,4,2,81.06,2,0,3,1,27,4,173,21343
11,11,1,91.15,1,1,2,1,9,1,125,13714
8,8,2,71.49,2,1,3,3,31,0,157,21962
11,11,3,150.8,1,1,2,1,32,5,206,13661
12,12,3,139.83,1,0,2,1,5,4,265,18952
9,9,2,57.56,2,1,3,1,28,16,112,19458
8,8,2,68.93,2,1,2,1,19,1,160,23212
1,1,1,93.55,3,0,3,3,65,3,365,39017
3,3,1,124.47,3,1,3,1,2,2,465,37359
11,11,5,96.66,3,1,3,2,9,0,155,16036
6,6,1,52.5,2,0,1,1,6,2,166,31620
3,3,2,38.34,2,0,3,1,32,4,116,30256
2,2,1,44.26,3,0,3,1,0,0,125,28243
4,4,2,34.26,2,0,2,1,16,6,90,26270
2,2,1,98,2,1,2,1,7,13,460,46939
6,6,5,92.38,2,0,3,1,0,1,239,25872
10,10,2,60.68,1,0,1,1,4,7,121,19941
1,1,2,27.25,2,0,3,1,3,8,260,95413
3,3,2,23.96,2,0,3,1,21,5,150,62605
11,11,2,39.41,3,0,1,1,4,1,68,17255
4,4,1,72.58,2,0,1,1,5,4,150,20667
10,10,1,88.79,2,0,1,1,22,29,148,16669
2,2,2,55.61,3,0,3,1,14,2,135,24277
5,5,1,75.73,3,0,1,1,6,6,226,29843
4,4,2,67.29,2,1,1,1,5,2,148,21995
14,14,1,59.41,2,0,2,1,2,1,190,31982
12,12,5,81.31,1,1,3,1,6,6,122,15005
3,3,5,83.1,1,0,3,1,6,1,246,29603
8,8,1,79.03,2,0,3,1,4,2,140,17715
2,2,6,119.6,2,1,1,1,4,2,400,33445
13,13,5,93.59,2,1,2,2,23,14,66,7053
14,14,5,63.05,3,0,3,1,0,2,120,19033
10,10,1,55.52,2,0,1,1,0,0,150,27018
5,5,3,127.14,3,1,1,1,4,1,425,33428
2,2,1,42.72,2,0,3,1,15,0,115,26920
3,3,2,63.46,2,0,2,1,3,0,187,29468
3,3,1,62.55,2,0,2,1,11,2,248,39649
10,10,1,108,3,0,1,3,1,0,208,19260
5,5,1,81.44,2,0,2,1,17,4,210,25786
13,13,2,68.8,2,1,3,2,1,0,115,16716
4,4,6,100,2,0,3,1,4,0,198,19800
8,8,1,80.94,3,1,1,1,1,0,165,20386
11,11,2,54.47,3,0,3,1,2,0,100,18359
10,10,5,101.46,2,0,2,1,0,0,212,20895
2,2,2,43.83,3,0,3,1,1,0,130,29661
13,13,1,86.52,3,1,3,2,3,1,103,11905
10,10,5,115.02,3,1,1,1,4,0,185,16085
12,12,5,100.8,3,1,1,3,2,3,200,19842
11,11,2,36.61,2,0,3,1,9,0,63,17209
3,3,1,63.37,3,0,3,1,5,0,270,42607
11,11,5,98.5,2,0,3,1,0,0,102,10356
11,11,1,71,2,1,2,1,0,1,60,8451
3,3,2,43.31,2,0,1,1,1,0,120,27708
11,11,1,61,2,0,3,1,0,4,50,8197
3,3,1,81.7,2,0,1,1,1,0,280,34272
3,3,2,43.98,3,0,1,1,10,2,170,38654
11,11,5,96.11,3,0,3,1,0,1,135,14047
8,8,2,52.17,2,0,3,1,3,1,100,19169
11,11,1,103.63,2,1,3,1,0,0,250,24125
3,3,1,110.14,2,0,2,1,5,0,499,45306
11,11,1,57.63,2,0,3,1,0,0,41,7115
11,11,1,39.64,2,0,1,1,3,12,45,11353
5,5,1,86,2,0,3,1,1,0,180,20931
11,11,1,94.67,3,0,2,1,2,4,107,11303
11,11,5,99.33,3,1,1,1,1,0,125,12585
11,11,1,55.71,3,0,1,1,1,0,65,11668
11,11,5,91.05,2,0,3,1,4,3,77,8457
4,4,2,75.5,3,0,3,1,0,0,208,27550
5,5,5,97.35,3,0,1,1,7,2,329,33796
11,11,2,51,2,0,2,1,0,0,125,24510
3,3,2,39,2,0,1,1,10,1,115,29488
4,4,2,35.56,2,0,3,1,1,0,85,23904
11,11,1,74.71,3,0,2,1,2,3,83,11110
14,14,2,57.65,2,0,2,1,3,1,135,23418
10,10,5,89,3,0,2,1,6,2,182,20450
4,4,1,105.14,2,0,3,1,1,0,365,34716
4,4,5,108.65,2,1,1,1,0,0,330,30373
2,2,2,33.1,2,1,1,1,2,0,170,51360
2,2,1,92.89,3,1,3,1,2,0,342,36818
8,8,5,85.6,2,0,3,1,6,2,100,11683
10,10,1,87.35,2,0,2,1,5,0,178,20378
4,4,5,115.06,3,0,3,1,2,0,280,24336
11,11,1,61.56,3,0,1,1,8,3,105,17057
5,5,2,59.03,3,1,2,2,5,1,135,22870
4,4,2,35.3,2,0,2,1,1,0,140,39661
10,10,1,86,2,0,3,1,2,0,154,17907
2,2,1,64.21,3,0,3,1,10,1,180,28034
3,3,2,66.27,2,0,3,1,8,0,190,28671
11,11,1,97.32,2,0,1,1,0,5,115,11817
11,11,5,103.3,2,0,2,1,2,1,98,9487
4,4,1,62.12,3,0,1,1,4,2,195,31391
11,11,1,57.91,2,0,3,1,2,2,46,7944
8,8,1,58.47,2,0,3,1,4,0,175,29930
3,3,2,68.11,2,1,1,1,4,0,240,35238
3,3,1,56.53,2,0,3,1,3,1,142,25120
10,10,3,136.13,3,0,3,1,4,0,335,24609
11,11,1,107,3,0,2,1,1,0,245,22898
9,9,2,69.75,2,1,2,1,1,0,112,16058
11,11,6,70,3,0,3,1,2,9,58,8286
11,11,1,58.59,2,0,3,1,0,0,52,8876
3,3,1,66.53,2,0,3,1,2,0,412,61927
11,11,1,60.07,2,0,2,1,0,1,58,9656
7,7,2,74.18,2,0,2,3,2,0,205,27636
3,3,3,139.55,3,0,2,1,0,0,380,27231
11,11,5,98.15,3,0,2,1,1,0,185,18849
2,2,6,119.6,2,1,3,1,1,0,370,30937
11,11,5,98.88,3,1,1,1,0,3,118,11934
4,4,1,85.46,3,0,3,1,8,0,170,19893
10,10,5,81.9,2,0,3,1,4,0,180,21979
8,8,2,44.52,2,0,3,2,1,0,86,19318
1,1,1,87,2,0,3,1,0,0,300,34483
11,11,1,65.58,2,0,2,1,1,0,75,11437
4,4,1,110.42,2,0,3,1,2,0,236,21373
6,6,1,69.19,2,0,3,1,2,1,145,20957
5,5,2,60.16,2,1,1,2,4,3,162,26929
11,11,1,88.93,3,1,1,1,0,6,105,11808
9,9,1,95,3,0,3,1,4,0,319,33579
13,13,2,68.8,2,1,1,3,0,2,110,15989
11,11,1,103.57,2,0,1,1,0,1,120,11587
8,8,1,102,2,0,1,1,0,1,225,22059
6,6,1,71,2,0,3,1,1,1,165,23240
14,14,1,67.71,2,0,3,1,0,3,66,9748
2,2,1,53.26,2,0,1,1,3,0,220,41307
11,11,1,54.48,2,0,1,1,1,7,68,12482
11,11,6,112.18,3,0,2,3,0,0,122,10876
11,11,6,138.56,2,0,2,1,0,1,150,10826
2,2,1,74.25,2,0,2,1,0,2,60,8081
2,2,2,51.53,2,0,3,1,2,1,163,31633
3,3,1,87.5,2,0,3,1,3,1,260,29715
8,8,3,112.38,2,1,2,3,7,5,140,12458
4,4,1,57.28,2,0,2,1,5,8,136,23744
3,3,2,29.65,1,0,1,1,1,10,120,40473
3,3,2,30.18,2,0,3,1,12,1,95,31478
8,8,3,123.96,1,1,3,1,0,1,334.7,27001
3,3,2,55.07,2,0,3,1,2,2,150,27239
8,8,3,94,2,1,1,1,4,3,265,28192
6,6,2,40.1,2,0,3,1,0,4,92,22943
10,10,1,81.75,3,0,3,1,4,2,209,25566
1,1,1,49.81,2,0,3,1,2,1,210,42161
11,11,2,55.36,3,0,2,1,2,1,145,26193
3,3,2,39.78,3,0,2,1,9,2,120,30166
3,3,2,20.61,2,0,3,1,3,1,115,55799
10,10,1,106.76,2,0,2,1,0,1,220,20607
9,9,5,89.12,3,1,2,1,4,5,185,20759
12,12,5,77.9,3,0,3,1,1,6,160,20540
3,3,1,67.06,3,0,3,1,13,3,195,29079
5,5,2,41.15,2,0,2,1,0,2,130,31592
5,5,1,79.15,3,0,2,1,115,3,230,29059
1,1,2,50.36,3,1,3,3,60,6,265,52622
3,3,2,39.74,2,0,3,1,295,4,106,26674
2,2,5,88.51,1,1,1,1,16,6,228,25760
10,10,1,68.03,2,0,2,1,62,0,145,21315
4,4,1,111.46,3,1,2,1,8,7,315,28262
4,4,2,57.85,2,0,1,1,15,3,140,24201
12,12,3,158.15,1,1,3,1,5,15,245,15492
11,11,1,96.64,2,0,3,1,13,0,330,34148
4,4,1,87.98,2,1,3,1,87,11,263,29894
4,4,6,98.95,3,1,3,1,54,15,249,25165
5,5,6,93.59,2,0,2,1,58,7,177,18913
4,4,2,43.9,2,0,3,1,55,6,92,20957
4,4,1,83.25,3,0,2,1,5,8,230,27628
12,12,1,93.01,3,1,1,3,25,14,125,13440
10,10,1,83.4,2,1,3,3,12,16,156,18706
12,12,3,96.39,1,1,3,1,8,46,152,15770
11,11,2,71.39,3,1,2,2,2,9,166,23253
4,4,1,90.09,3,0,3,1,8,11,200,22201
1,1,2,22.85,2,0,1,1,20,21,160,70022
4,4,1,84.8,2,0,3,1,32,11,215,25354
3,3,1,58.34,3,1,1,1,25,19,230,39425
2,2,1,76.31,3,0,1,1,20,26,235,30796
7,7,1,65.95,1,1,2,1,9,7,182,27597
6,6,1,86,2,0,3,1,5,7,210,24419
2,2,1,75.85,2,0,1,1,6,9,285,37575
8,8,1,91.8,1,1,1,1,17,15,207,22550
9,9,1,90.73,1,1,2,1,16,9,173,19068
10,10,1,86.44,3,0,1,1,32,17,145,16775
9,9,1,94.76,2,0,2,1,6,5,365,38519
2,2,1,68.53,3,0,1,1,5,10,255,37210
3,3,2,46.43,2,0,2,1,148,9,130,28000
8,8,1,88.05,3,0,2,1,22,17,130,14765
3,3,1,53.94,2,0,2,1,68,17,158,29292
4,4,1,66.57,2,0,2,1,39,19,186,27941
3,3,2,46.34,3,0,3,1,65,9,140,30212
7,7,1,92.8,2,0,1,1,29,12,275,29634
2,2,1,83.1,3,0,3,1,160,6,260,31288
2,2,1,90.31,2,0,2,1,69,13,340,37649
8,8,1,72.02,1,1,3,1,29,11,167,23189
2,2,1,89.4,2,1,3,1,29,7,278,31097
11,11,1,92.88,3,1,1,1,44,14,230,24764
3,3,2,39.27,3,0,2,1,34,6,156,39725
6,6,1,58.12,1,0,2,1,49,9,130,22368
4,4,1,50.17,2,0,2,1,75,13,126,25115
4,4,1,121.2,2,1,2,2,13,8,332,27393
9,9,2,46.95,2,0,3,1,19,16,120,25560
6,6,2,39.54,2,0,2,1,53,11,98,24786
5,5,1,97.24,3,1,2,1,72,10,315,32395
3,3,1,59.46,2,0,2,1,34,15,210,35318
10,10,1,88.53,3,1,1,3,36,15,169,19090
8,8,1,83.61,3,1,3,1,15,10,208,24878
7,7,3,89.75,1,1,3,1,10,10,270,30084
3,3,1,55.14,2,0,3,1,33,6,139,25209
7,7,2,54.12,2,0,2,1,132,7,128,23652
11,11,5,103.25,2,1,2,1,18,5,175,16950
2,2,1,45.91,2,0,1,1,68,10,164,35723
3,3,3,137.14,2,1,1,1,111,5,300,21876
3,3,1,64.31,3,0,1,1,61,15,165,25657
4,4,1,93.5,2,1,2,1,16,8,340,36364
11,11,1,74.59,1,1,1,1,18,8,106,14212
4,4,2,43.07,2,1,3,1,8,11,152,35292
5,5,5,99.89,3,0,2,1,73,9,317,31735
10,10,1,50.79,2,0,1,1,5,6,105,20674
5,5,1,68.45,1,1,1,2,33,21,215,31410
3,3,2,34.22,2,0,2,1,27,17,189,55231
9,9,2,56.8,1,1,1,1,4,22,117,20599
3,3,1,55.53,2,0,3,1,18,10,215,38718
7,7,5,87.28,3,1,3,1,37,26,180,20624
3,3,2,26.4,2,0,1,1,9,19,138,52273
2,2,1,81.25,2,0,1,1,15,13,282,34708
2,2,1,89.73,2,1,3,1,13,33,465,51823
2,2,1,58.28,1,0,3,1,2,12,172,29513
1,1,1,70.29,2,1,3,1,2,9,455,64732
3,3,1,112.12,3,0,1,1,41,16,438,39066
3,3,1,78,2,0,2,1,6,6,370,47436
14,14,1,81.9,3,1,3,1,15,15,335,40904
3,3,3,135,3,0,2,1,126,15,500,37038
2,2,1,98.86,2,0,1,1,65,13,365,36921
6,6,2,51.07,2,0,2,1,49,10,122,23889
2,2,5,109.46,3,1,2,1,85,13,675,61667
2,2,2,67.13,2,0,3,1,50,0,159,23686
4,4,2,62.19,2,0,2,1,40,11,212,34090
4,4,1,94.13,2,0,2,1,176,17,196,20823
2,2,5,82.55,2,1,2,1,93,13,350,42399
3,3,5,81.53,2,0,2,1,44,15,350,42929
1,1,2,115.15,3,1,1,2,45,15,405,35172
4,4,1,102.18,2,0,2,1,21,21,270,26424
4,4,1,69.51,2,0,1,1,74,17,155,22299
2,2,2,29.96,2,0,1,1,40,19,108,36049
6,6,2,66.31,3,1,3,1,19,15,215,32424
3,3,1,99.79,3,1,3,1,104,23,325,32569
12,12,8,153.17,3,1,2,1,24,11,350,22851
3,3,1,97.32,2,0,2,1,41,15,395,40588
12,12,3,146.55,1,1,1,1,25,17,335,22860
6,6,1,102.59,2,0,1,1,7,15,325,31680
8,8,6,89.3,3,1,2,1,33,20,188,21053
4,4,1,80.19,2,1,1,1,16,8,205,25565
8,8,1,71.58,2,1,1,1,22,12,153,21375
2,2,1,73.78,2,1,2,1,27,16,265,35918
2,2,1,59.72,2,0,2,2,42,15,178,29806
1,1,2,79.86,3,1,1,1,43,17,540,67619
7,7,3,115.98,3,1,2,3,95,28,246,21211
3,3,1,56.13,2,0,3,1,69,13,155,27615
9,9,1,71,2,0,1,1,8,0,179,25212
11,11,1,87.04,3,1,2,1,52,12,175,20106
2,2,1,87.32,3,1,3,2,17,23,370,42373
5,5,1,93.36,3,1,2,3,23,13,276,29563
4,4,1,89.15,2,1,2,1,43,10,229,25688
4,4,1,93.3,2,1,3,1,20,20,290,31083
7,7,2,57.99,3,1,3,1,27,20,198,34144
9,9,1,88.59,3,1,3,1,123,55,142,16029
8,8,1,78.3,1,1,3,1,33,30,174,22223
7,7,1,86.45,2,0,1,1,58,18,150,17352
2,2,1,73.31,2,0,1,1,17,17,249,33966
14,14,2,53.29,1,1,2,1,65,19,99,18578
7,7,3,87.97,1,1,2,1,15,27,185,21030
2,2,1,97.57,2,1,2,1,12,0,285,29210
7,7,11,290.47,3,1,3,1,7,1,830,28575
12,12,5,76.18,1,1,1,1,3,15,130,17065
7,7,2,48.23,2,0,3,1,6,3,103,21357
1,1,2,66.56,3,1,1,1,7,24,375,56341
10,10,1,64.64,2,0,2,3,11,5,98,15161
12,12,1,100.16,1,0,3,1,3,10,115,11482
10,10,5,99.87,2,0,3,1,6,2,198,19826
13,13,1,92.79,3,1,3,2,0,0,125,13472
7,7,1,90.35,2,0,3,1,0,0,154,17045
14,14,1,58.39,2,0,3,1,0,0,320,54804
12,12,2,47.38,2,0,3,1,0,0,105,22162
5,5,2,58.15,3,0,3,1,1,0,142,24420
7,7,3,127.46,3,1,2,1,3,0,245,19222
4,4,2,73.41,3,1,3,1,0,0,210,28607
10,10,2,62.67,2,0,3,1,0,0,102,16276
8,8,1,79.82,3,1,3,3,0,0,175,21925
6,6,1,58.18,3,0,3,1,2,0,155,26642
4,4,1,74.62,2,0,2,1,0,0,265,35514
5,5,1,95.91,3,1,3,3,0,0,280,29195
4,4,1,39.85,2,1,3,1,0,0,120,30113
11,11,1,75.98,2,0,2,1,1,1,68,8950
2,2,1,64.08,2,0,2,1,5,2,203,31680
2,2,2,91.43,3,1,3,1,1,0,380,41562
10,10,2,55.58,2,0,1,1,1,0,112,20152
11,11,2,80.36,3,1,1,1,1,0,138,17173
2,2,1,87.34,3,1,1,2,4,4,385,44081
8,8,5,92.15,3,0,2,1,2,0,123,13348
4,4,1,78.4,3,1,1,1,5,1,260,33164
3,3,1,54.54,2,0,3,1,0,0,270,49505
4,4,2,72.45,2,0,3,1,0,0,195,26916
4,4,2,39.02,2,0,1,1,0,1,105,26910
4,4,1,60.56,2,0,2,1,5,0,180,29723
8,8,1,85.1,2,0,3,1,0,0,178,20917
8,8,3,125.23,3,0,2,1,2,0,158,12617
8,8,8,151.22,2,0,2,1,0,0,300,19839
3,3,1,58.07,2,0,3,1,5,0,235,40469
5,5,1,84.5,2,0,1,1,2,1,280,33137
7,7,1,63.45,2,0,2,1,3,0,150,23641
3,3,6,92.7,2,0,2,1,3,1,330,35599
10,10,1,79.66,2,0,3,1,0,0,150,18831
11,11,1,70.15,2,1,1,1,2,0,120,17107
4,4,5,68.54,2,0,1,1,3,0,165,24074
6,6,1,85.2,3,0,2,1,3,2,272,31925
11,11,1,90,2,1,2,3,2,0,85,9445
4,4,1,92.83,3,0,2,1,19,0,255,27470
12,12,5,91.51,3,1,2,1,0,0,205,22402
7,7,5,97.93,2,1,1,1,2,0,370,37783
4,4,1,56.79,3,0,2,1,6,0,135,23772
10,10,5,82.68,3,0,3,1,7,0,166,20078
2,2,2,48.39,2,0,3,1,0,1,82,16946
11,11,1,96.46,3,0,3,1,0,0,135,13996
3,3,1,96.46,3,0,3,1,1,0,135,13996
11,11,1,86.86,3,1,1,3,0,0,195,22450
5,5,1,76.38,3,1,2,1,7,0,166,21734
4,4,2,52.99,3,0,3,1,1,0,130,24533
6,6,5,95.41,3,1,2,1,1,0,450,47165
7,7,3,115.28,3,0,3,3,9,1,220,19084
2,2,1,94.32,3,1,3,1,1,0,175,18554
2,2,2,60.68,2,0,2,2,0,0,142,23402
10,10,1,59.32,2,0,3,1,3,0,135,22758
10,10,1,72.09,2,1,2,1,0,1,170,23582
2,2,2,79.88,3,0,3,1,1,0,156,19530
9,9,2,66.57,3,1,2,1,1,1,150,22533
3,3,2,53.08,3,0,1,1,118,72,175,32970
11,11,3,154.43,3,1,2,1,8,1,750,48566
11,11,3,132.22,3,0,1,1,7,1,460,34791
10,10,6,125.93,2,1,1,1,64,7,275,21838
7,7,3,157.96,2,1,2,1,44,0,498,31527
7,7,1,80.96,2,0,2,1,28,11,186,22975
2,2,5,108.16,3,0,3,1,58,2,305,28199
3,3,5,102.55,3,1,1,1,29,5,360,35105
8,8,5,90.18,2,1,1,1,20,1,182,20182
3,3,5,107.8,2,0,3,1,41,2,117,10854
9,9,1,69.57,2,0,2,1,45,3,249,35792
4,4,1,70.83,2,0,1,1,32,2,195,27531
1,1,1,79.09,2,1,3,1,15,3,430,54369
10,10,1,60.51,2,0,3,1,49,7,129,21319